record_id,sample_index,part_id,measurement_timestamp_sgt,production_date_sgt,batch_id,process_stage,shift,assembly_operator_id,appraiser_id,improvement_plan_id,improvement_actions,source_system,motor_current_a,jaw_alignment_error_mm,gear_backlash_deg,pad_thickness_mm,fastener_torque_nm,sensor_zero_offset_n,measured_force_n,target_n,lsl_n,usl_n,deviation_from_target_n,spec_status,defect_type,defect_flag,device_id,protocol_id,test_block_id,test_block_diameter_mm,closing_speed_mm_s,hold_time_s,contact_distance_from_jaw_root_mm,device_resolution_n,ctq,data_label,generation_model_version,process_seed,measurement_seed
BL-001,1,EG-B-001,2026-08-03T08:00:00+08:00,2026-08-03,BATCH-B-01,Before Improvement,Day,OP-A,APP-A,NOT-APPLIED,Baseline condition; no improvement actions applied,Synthetic EOL inspection generator,2.073,0.178,0.648,2.907,2.498,0.044,11.98,12.00,10.00,14.00,-0.02,Within Specification,No Defect,0,FORCE-SENSOR-01,EOL-FORCE-01-V5,TB-30-01,30.0,20.0,1.0,20.0,0.01,Gripping Force,Synthetic Data,EOL-EG-V5,2026090703,2026090705
BL-002,2,EG-B-002,2026-08-03T08:30:00+08:00,2026-08-03,BATCH-B-01,Before Improvement,Day,OP-A,APP-B,NOT-APPLIED,Baseline condition; no improvement actions applied,Synthetic EOL inspection generator,2.171,0.137,0.936,3.06,2.246,-0.077,12.84,12.00,10.00,14.00,0.84,Within Specification,No Defect,0,FORCE-SENSOR-01,EOL-FORCE-01-V5,TB-30-01,30.0,20.0,1.0,20.0,0.01,Gripping Force,Synthetic Data,EOL-EG-V5,2026090703,2026090705
BL-003,3,EG-B-003,2026-08-03T09:00:00+08:00,2026-08-03,BATCH-B-01,Before Improvement,Day,OP-A,APP-C,NOT-APPLIED,Baseline condition; no improvement actions applied,Synthetic EOL inspection generator,1.714,0.299,1.246,2.835,2.319,-0.022,10.24,12.00,10.00,14.00,-1.76,Within Specification,No Defect,0,FORCE-SENSOR-01,EOL-FORCE-01-V5,TB-30-01,30.0,20.0,1.0,20.0,0.01,Gripping Force,Synthetic Data,EOL-EG-V5,2026090703,2026090705
BL-004,4,EG-B-004,2026-08-03T09:30:00+08:00,2026-08-03,BATCH-B-01,Before Improvement,Day,OP-A,APP-A,NOT-APPLIED,Baseline condition; no improvement actions applied,Synthetic EOL inspection generator,2.085,0.212,0.195,2.908,2.139,-0.016,12.48,12.00,10.00,14.00,0.48,Within Specification,No Defect,0,FORCE-SENSOR-01,EOL-FORCE-01-V5,TB-30-01,30.0,20.0,1.0,20.0,0.01,Gripping Force,Synthetic Data,EOL-EG-V5,2026090703,2026090705
BL-005,5,EG-B-005,2026-08-03T10:00:00+08:00,2026-08-03,BATCH-B-01,Before Improvement,Day,OP-A,APP-B,NOT-APPLIED,Baseline condition; no improvement actions applied,Synthetic EOL inspection generator,2.404,0.211,0.985,3.066,2.023,-0.008,13.23,12.00,10.00,14.00,1.23,Within Specification,No Defect,0,FORCE-SENSOR-01,EOL-FORCE-01-V5,TB-30-01,30.0,20.0,1.0,20.0,0.01,Gripping Force,Synthetic Data,EOL-EG-V5,2026090703,2026090705
BL-006,6,EG-B-006,2026-08-03T10:30:00+08:00,2026-08-03,BATCH-B-01,Before Improvement,Day,OP-B,APP-C,NOT-APPLIED,Baseline condition; no improvement actions applied,Synthetic EOL inspection generator,1.871,0.164,1.231,2.924,2.189,-0.038,11.41,12.00,10.00,14.00,-0.59,Within Specification,No Defect,0,FORCE-SENSOR-01,EOL-FORCE-01-V5,TB-30-01,30.0,20.0,1.0,20.0,0.01,Gripping Force,Synthetic Data,EOL-EG-V5,2026090703,2026090705
BL-007,7,EG-B-007,2026-08-03T11:00:00+08:00,2026-08-03,BATCH-B-01,Before Improvement,Day,OP-B,APP-A,NOT-APPLIED,Baseline condition; no improvement actions applied,Synthetic EOL inspection generator,2.208,0.266,0.727,2.974,2.084,0.046,12.21,12.00,10.00,14.00,0.21,Within Specification,No Defect,0,FORCE-SENSOR-01,EOL-FORCE-01-V5,TB-30-01,30.0,20.0,1.0,20.0,0.01,Gripping Force,Synthetic Data,EOL-EG-V5,2026090703,2026090705
BL-008,8,EG-B-008,2026-08-03T11:30:00+08:00,2026-08-03,BATCH-B-01,Before Improvement,Day,OP-B,APP-B,NOT-APPLIED,Baseline condition; no improvement actions applied,Synthetic EOL inspection generator,2.36,0.204,1.565,2.908,2.448,0.030,12.67,12.00,10.00,14.00,0.67,Within Specification,No Defect,0,FORCE-SENSOR-01,EOL-FORCE-01-V5,TB-30-01,30.0,20.0,1.0,20.0,0.01,Gripping Force,Synthetic Data,EOL-EG-V5,2026090703,2026090705
BL-009,9,EG-B-009,2026-08-03T12:00:00+08:00,2026-08-03,BATCH-B-01,Before Improvement,Day,OP-B,APP-C,NOT-APPLIED,Baseline condition; no improvement actions applied,Synthetic EOL inspection generator,1.711,0.331,0.708,3.011,2.79,0.027,11.29,12.00,10.00,14.00,-0.71,Within Specification,No Defect,0,FORCE-SENSOR-01,EOL-FORCE-01-V5,TB-30-01,30.0,20.0,1.0,20.0,0.01,Gripping Force,Synthetic Data,EOL-EG-V5,2026090703,2026090705
BL-010,10,EG-B-010,2026-08-03T12:30:00+08:00,2026-08-03,BATCH-B-01,Before Improvement,Day,OP-B,APP-A,NOT-APPLIED,Baseline condition; no improvement actions applied,Synthetic EOL inspection generator,1.916,0.428,0.898,2.975,2.295,-0.080,11.21,12.00,10.00,14.00,-0.79,Within Specification,No Defect,0,FORCE-SENSOR-01,EOL-FORCE-01-V5,TB-30-01,30.0,20.0,1.0,20.0,0.01,Gripping Force,Synthetic Data,EOL-EG-V5,2026090703,2026090705
BL-011,11,EG-B-011,2026-08-03T20:00:00+08:00,2026-08-03,BATCH-B-01,Before Improvement,Night,OP-B,APP-B,NOT-APPLIED,Baseline condition; no improvement actions applied,Synthetic EOL inspection generator,1.925,0.312,1.1,3.008,2.59,0.042,11.62,12.00,10.00,14.00,-0.38,Within Specification,No Defect,0,FORCE-SENSOR-01,EOL-FORCE-01-V5,TB-30-01,30.0,20.0,1.0,20.0,0.01,Gripping Force,Synthetic Data,EOL-EG-V5,2026090703,2026090705
BL-012,12,EG-B-012,2026-08-03T20:30:00+08:00,2026-08-03,BATCH-B-01,Before Improvement,Night,OP-B,APP-C,NOT-APPLIED,Baseline condition; no improvement actions applied,Synthetic EOL inspection generator,1.624,0.297,0.846,3.231,2.112,-0.015,10.60,12.00,10.00,14.00,-1.40,Within Specification,No Defect,0,FORCE-SENSOR-01,EOL-FORCE-01-V5,TB-30-01,30.0,20.0,1.0,20.0,0.01,Gripping Force,Synthetic Data,EOL-EG-V5,2026090703,2026090705
BL-013,13,EG-B-013,2026-08-03T21:00:00+08:00,2026-08-03,BATCH-B-01,Before Improvement,Night,OP-B,APP-A,NOT-APPLIED,Baseline condition; no improvement actions applied,Synthetic EOL inspection generator,1.975,0.131,0.842,2.917,2.405,0.036,11.88,12.00,10.00,14.00,-0.12,Within Specification,No Defect,0,FORCE-SENSOR-01,EOL-FORCE-01-V5,TB-30-01,30.0,20.0,1.0,20.0,0.01,Gripping Force,Synthetic Data,EOL-EG-V5,2026090703,2026090705
BL-014,14,EG-B-014,2026-08-03T21:30:00+08:00,2026-08-03,BATCH-B-01,Before Improvement,Night,OP-B,APP-B,NOT-APPLIED,Baseline condition; no improvement actions applied,Synthetic EOL inspection generator,2.023,0.415,0.967,3.166,2.208,-0.026,11.39,12.00,10.00,14.00,-0.61,Within Specification,No Defect,0,FORCE-SENSOR-01,EOL-FORCE-01-V5,TB-30-01,30.0,20.0,1.0,20.0,0.01,Gripping Force,Synthetic Data,EOL-EG-V5,2026090703,2026090705
BL-015,15,EG-B-015,2026-08-03T22:00:00+08:00,2026-08-03,BATCH-B-01,Before Improvement,Night,OP-B,APP-C,NOT-APPLIED,Baseline condition; no improvement actions applied,Synthetic EOL inspection generator,2.023,0.486,1.08,3.151,2.341,-0.024,12.20,12.00,10.00,14.00,0.20,Within Specification,No Defect,0,FORCE-SENSOR-01,EOL-FORCE-01-V5,TB-30-01,30.0,20.0,1.0,20.0,0.01,Gripping Force,Synthetic Data,EOL-EG-V5,2026090703,2026090705
BL-016,16,EG-B-016,2026-08-03T22:30:00+08:00,2026-08-03,BATCH-B-01,Before Improvement,Night,OP-C,APP-A,NOT-APPLIED,Baseline condition; no improvement actions applied,Synthetic EOL inspection generator,1.702,0.168,1.195,3.0,2.173,-0.031,10.90,12.00,10.00,14.00,-1.10,Within Specification,No Defect,0,FORCE-SENSOR-01,EOL-FORCE-01-V5,TB-30-01,30.0,20.0,1.0,20.0,0.01,Gripping Force,Synthetic Data,EOL-EG-V5,2026090703,2026090705
BL-017,17,EG-B-017,2026-08-03T23:00:00+08:00,2026-08-03,BATCH-B-01,Before Improvement,Night,OP-C,APP-B,NOT-APPLIED,Baseline condition; no improvement actions applied,Synthetic EOL inspection generator,1.932,0.364,0.691,3.058,2.267,0.060,11.90,12.00,10.00,14.00,-0.10,Within Specification,No Defect,0,FORCE-SENSOR-01,EOL-FORCE-01-V5,TB-30-01,30.0,20.0,1.0,20.0,0.01,Gripping Force,Synthetic Data,EOL-EG-V5,2026090703,2026090705
BL-018,18,EG-B-018,2026-08-03T23:30:00+08:00,2026-08-03,BATCH-B-01,Before Improvement,Night,OP-C,APP-C,NOT-APPLIED,Baseline condition; no improvement actions applied,Synthetic EOL inspection generator,1.793,0.296,0.808,2.913,2.394,0.010,11.03,12.00,10.00,14.00,-0.97,Within Specification,No Defect,0,FORCE-SENSOR-01,EOL-FORCE-01-V5,TB-30-01,30.0,20.0,1.0,20.0,0.01,Gripping Force,Synthetic Data,EOL-EG-V5,2026090703,2026090705
BL-019,19,EG-B-019,2026-08-04T00:00:00+08:00,2026-08-03,BATCH-B-01,Before Improvement,Night,OP-C,APP-A,NOT-APPLIED,Baseline condition; no improvement actions applied,Synthetic EOL inspection generator,1.967,0.126,0.417,3.018,2.402,0.029,12.16,12.00,10.00,14.00,0.16,Within Specification,No Defect,0,FORCE-SENSOR-01,EOL-FORCE-01-V5,TB-30-01,30.0,20.0,1.0,20.0,0.01,Gripping Force,Synthetic Data,EOL-EG-V5,2026090703,2026090705
BL-020,20,EG-B-020,2026-08-04T00:30:00+08:00,2026-08-03,BATCH-B-01,Before Improvement,Night,OP-C,APP-B,NOT-APPLIED,Baseline condition; no improvement actions applied,Synthetic EOL inspection generator,2.015,0.389,0.718,2.963,2.511,-0.021,12.08,12.00,10.00,14.00,0.08,Within Specification,No Defect,0,FORCE-SENSOR-01,EOL-FORCE-01-V5,TB-30-01,30.0,20.0,1.0,20.0,0.01,Gripping Force,Synthetic Data,EOL-EG-V5,2026090703,2026090705
BL-021,21,EG-B-021,2026-08-04T08:00:00+08:00,2026-08-04,BATCH-B-02,Before Improvement,Day,OP-B,APP-C,NOT-APPLIED,Baseline condition; no improvement actions applied,Synthetic EOL inspection generator,2.003,0.137,0.771,3.153,2.427,0.017,11.45,12.00,10.00,14.00,-0.55,Within Specification,No Defect,0,FORCE-SENSOR-01,EOL-FORCE-01-V5,TB-30-01,30.0,20.0,1.0,20.0,0.01,Gripping Force,Synthetic Data,EOL-EG-V5,2026090703,2026090705
BL-022,22,EG-B-022,2026-08-04T08:30:00+08:00,2026-08-04,BATCH-B-02,Before Improvement,Day,OP-B,APP-A,NOT-APPLIED,Baseline condition; no improvement actions applied,Synthetic EOL inspection generator,1.705,0.299,0.794,3.126,2.517,-0.034,11.22,12.00,10.00,14.00,-0.78,Within Specification,No Defect,0,FORCE-SENSOR-01,EOL-FORCE-01-V5,TB-30-01,30.0,20.0,1.0,20.0,0.01,Gripping Force,Synthetic Data,EOL-EG-V5,2026090703,2026090705
BL-023,23,EG-B-023,2026-08-04T09:00:00+08:00,2026-08-04,BATCH-B-02,Before Improvement,Day,OP-B,APP-B,NOT-APPLIED,Baseline condition; no improvement actions applied,Synthetic EOL inspection generator,2.381,0.125,0.97,2.827,2.121,0.044,12.87,12.00,10.00,14.00,0.87,Within Specification,No Defect,0,FORCE-SENSOR-01,EOL-FORCE-01-V5,TB-30-01,30.0,20.0,1.0,20.0,0.01,Gripping Force,Synthetic Data,EOL-EG-V5,2026090703,2026090705
BL-024,24,EG-B-024,2026-08-04T09:30:00+08:00,2026-08-04,BATCH-B-02,Before Improvement,Day,OP-B,APP-C,NOT-APPLIED,Baseline condition; no improvement actions applied,Synthetic EOL inspection generator,2.129,0.322,0.747,2.915,2.273,-0.025,11.90,12.00,10.00,14.00,-0.10,Within Specification,No Defect,0,FORCE-SENSOR-01,EOL-FORCE-01-V5,TB-30-01,30.0,20.0,1.0,20.0,0.01,Gripping Force,Synthetic Data,EOL-EG-V5,2026090703,2026090705
BL-025,25,EG-B-025,2026-08-04T10:00:00+08:00,2026-08-04,BATCH-B-02,Before Improvement,Day,OP-B,APP-A,NOT-APPLIED,Baseline condition; no improvement actions applied,Synthetic EOL inspection generator,1.907,0.485,0.721,2.946,2.425,-0.021,11.03,12.00,10.00,14.00,-0.97,Within Specification,No Defect,0,FORCE-SENSOR-01,EOL-FORCE-01-V5,TB-30-01,30.0,20.0,1.0,20.0,0.01,Gripping Force,Synthetic Data,EOL-EG-V5,2026090703,2026090705
BL-026,26,EG-B-026,2026-08-04T10:30:00+08:00,2026-08-04,BATCH-B-02,Before Improvement,Day,OP-C,APP-B,NOT-APPLIED,Baseline condition; no improvement actions applied,Synthetic EOL inspection generator,1.457,0.399,0.843,3.111,2.178,0.023,10.23,12.00,10.00,14.00,-1.77,Within Specification,No Defect,0,FORCE-SENSOR-01,EOL-FORCE-01-V5,TB-30-01,30.0,20.0,1.0,20.0,0.01,Gripping Force,Synthetic Data,EOL-EG-V5,2026090703,2026090705
BL-027,27,EG-B-027,2026-08-04T11:00:00+08:00,2026-08-04,BATCH-B-02,Before Improvement,Day,OP-C,APP-C,NOT-APPLIED,Baseline condition; no improvement actions applied,Synthetic EOL inspection generator,2.151,0.152,0.55,2.93,2.106,0.032,12.55,12.00,10.00,14.00,0.55,Within Specification,No Defect,0,FORCE-SENSOR-01,EOL-FORCE-01-V5,TB-30-01,30.0,20.0,1.0,20.0,0.01,Gripping Force,Synthetic Data,EOL-EG-V5,2026090703,2026090705
BL-028,28,EG-B-028,2026-08-04T11:30:00+08:00,2026-08-04,BATCH-B-02,Before Improvement,Day,OP-C,APP-A,NOT-APPLIED,Baseline condition; no improvement actions applied,Synthetic EOL inspection generator,2.327,0.618,0.48,3.104,2.312,0.001,11.95,12.00,10.00,14.00,-0.05,Within Specification,No Defect,0,FORCE-SENSOR-01,EOL-FORCE-01-V5,TB-30-01,30.0,20.0,1.0,20.0,0.01,Gripping Force,Synthetic Data,EOL-EG-V5,2026090703,2026090705
BL-029,29,EG-B-029,2026-08-04T12:00:00+08:00,2026-08-04,BATCH-B-02,Before Improvement,Day,OP-C,APP-B,NOT-APPLIED,Baseline condition; no improvement actions applied,Synthetic EOL inspection generator,1.986,0.469,1.114,3.023,2.357,-0.009,11.85,12.00,10.00,14.00,-0.15,Within Specification,No Defect,0,FORCE-SENSOR-01,EOL-FORCE-01-V5,TB-30-01,30.0,20.0,1.0,20.0,0.01,Gripping Force,Synthetic Data,EOL-EG-V5,2026090703,2026090705
BL-030,30,EG-B-030,2026-08-04T12:30:00+08:00,2026-08-04,BATCH-B-02,Before Improvement,Day,OP-C,APP-C,NOT-APPLIED,Baseline condition; no improvement actions applied,Synthetic EOL inspection generator,1.89,0.469,1.061,2.878,2.067,-0.029,11.22,12.00,10.00,14.00,-0.78,Within Specification,No Defect,0,FORCE-SENSOR-01,EOL-FORCE-01-V5,TB-30-01,30.0,20.0,1.0,20.0,0.01,Gripping Force,Synthetic Data,EOL-EG-V5,2026090703,2026090705
BL-031,31,EG-B-031,2026-08-04T20:00:00+08:00,2026-08-04,BATCH-B-02,Before Improvement,Night,OP-C,APP-A,NOT-APPLIED,Baseline condition; no improvement actions applied,Synthetic EOL inspection generator,1.616,0.563,0.786,2.854,2.43,-0.051,10.41,12.00,10.00,14.00,-1.59,Within Specification,No Defect,0,FORCE-SENSOR-01,EOL-FORCE-01-V5,TB-30-01,30.0,20.0,1.0,20.0,0.01,Gripping Force,Synthetic Data,EOL-EG-V5,2026090703,2026090705
BL-032,32,EG-B-032,2026-08-04T20:30:00+08:00,2026-08-04,BATCH-B-02,Before Improvement,Night,OP-C,APP-B,NOT-APPLIED,Baseline condition; no improvement actions applied,Synthetic EOL inspection generator,1.755,0.39,0.829,3.048,1.991,0.019,11.09,12.00,10.00,14.00,-0.91,Within Specification,No Defect,0,FORCE-SENSOR-01,EOL-FORCE-01-V5,TB-30-01,30.0,20.0,1.0,20.0,0.01,Gripping Force,Synthetic Data,EOL-EG-V5,2026090703,2026090705
BL-033,33,EG-B-033,2026-08-04T21:00:00+08:00,2026-08-04,BATCH-B-02,Before Improvement,Night,OP-C,APP-C,NOT-APPLIED,Baseline condition; no improvement actions applied,Synthetic EOL inspection generator,1.931,0.442,0.481,2.754,2.489,-0.031,11.33,12.00,10.00,14.00,-0.67,Within Specification,No Defect,0,FORCE-SENSOR-01,EOL-FORCE-01-V5,TB-30-01,30.0,20.0,1.0,20.0,0.01,Gripping Force,Synthetic Data,EOL-EG-V5,2026090703,2026090705
BL-034,34,EG-B-034,2026-08-04T21:30:00+08:00,2026-08-04,BATCH-B-02,Before Improvement,Night,OP-C,APP-A,NOT-APPLIED,Baseline condition; no improvement actions applied,Synthetic EOL inspection generator,1.941,0.428,0.236,3.117,2.623,0.049,12.27,12.00,10.00,14.00,0.27,Within Specification,No Defect,0,FORCE-SENSOR-01,EOL-FORCE-01-V5,TB-30-01,30.0,20.0,1.0,20.0,0.01,Gripping Force,Synthetic Data,EOL-EG-V5,2026090703,2026090705
BL-035,35,EG-B-035,2026-08-04T22:00:00+08:00,2026-08-04,BATCH-B-02,Before Improvement,Night,OP-C,APP-B,NOT-APPLIED,Baseline condition; no improvement actions applied,Synthetic EOL inspection generator,2.108,0.432,0.736,3.141,2.336,-0.006,12.00,12.00,10.00,14.00,0.00,Within Specification,No Defect,0,FORCE-SENSOR-01,EOL-FORCE-01-V5,TB-30-01,30.0,20.0,1.0,20.0,0.01,Gripping Force,Synthetic Data,EOL-EG-V5,2026090703,2026090705
BL-036,36,EG-B-036,2026-08-04T22:30:00+08:00,2026-08-04,BATCH-B-02,Before Improvement,Night,OP-A,APP-C,NOT-APPLIED,Baseline condition; no improvement actions applied,Synthetic EOL inspection generator,2.172,0.331,0.827,3.034,2.349,0.027,12.31,12.00,10.00,14.00,0.31,Within Specification,No Defect,0,FORCE-SENSOR-01,EOL-FORCE-01-V5,TB-30-01,30.0,20.0,1.0,20.0,0.01,Gripping Force,Synthetic Data,EOL-EG-V5,2026090703,2026090705
BL-037,37,EG-B-037,2026-08-04T23:00:00+08:00,2026-08-04,BATCH-B-02,Before Improvement,Night,OP-A,APP-A,NOT-APPLIED,Baseline condition; no improvement actions applied,Synthetic EOL inspection generator,1.718,0.27,0.327,3.136,2.962,0.028,11.64,12.00,10.00,14.00,-0.36,Within Specification,No Defect,0,FORCE-SENSOR-01,EOL-FORCE-01-V5,TB-30-01,30.0,20.0,1.0,20.0,0.01,Gripping Force,Synthetic Data,EOL-EG-V5,2026090703,2026090705
BL-038,38,EG-B-038,2026-08-04T23:30:00+08:00,2026-08-04,BATCH-B-02,Before Improvement,Night,OP-A,APP-B,NOT-APPLIED,Baseline condition; no improvement actions applied,Synthetic EOL inspection generator,2.001,0.32,0.45,3.258,2.522,-0.035,11.82,12.00,10.00,14.00,-0.18,Within Specification,No Defect,0,FORCE-SENSOR-01,EOL-FORCE-01-V5,TB-30-01,30.0,20.0,1.0,20.0,0.01,Gripping Force,Synthetic Data,EOL-EG-V5,2026090703,2026090705
BL-039,39,EG-B-039,2026-08-05T00:00:00+08:00,2026-08-04,BATCH-B-02,Before Improvement,Night,OP-A,APP-C,NOT-APPLIED,Baseline condition; no improvement actions applied,Synthetic EOL inspection generator,2.176,0.18,0.566,3.114,2.811,0.026,12.88,12.00,10.00,14.00,0.88,Within Specification,No Defect,0,FORCE-SENSOR-01,EOL-FORCE-01-V5,TB-30-01,30.0,20.0,1.0,20.0,0.01,Gripping Force,Synthetic Data,EOL-EG-V5,2026090703,2026090705
BL-040,40,EG-B-040,2026-08-05T00:30:00+08:00,2026-08-04,BATCH-B-02,Before Improvement,Night,OP-A,APP-A,NOT-APPLIED,Baseline condition; no improvement actions applied,Synthetic EOL inspection generator,1.893,0.311,0.655,3.123,2.433,-0.074,11.64,12.00,10.00,14.00,-0.36,Within Specification,No Defect,0,FORCE-SENSOR-01,EOL-FORCE-01-V5,TB-30-01,30.0,20.0,1.0,20.0,0.01,Gripping Force,Synthetic Data,EOL-EG-V5,2026090703,2026090705
BL-041,41,EG-B-041,2026-08-05T08:00:00+08:00,2026-08-05,BATCH-B-03,Before Improvement,Day,OP-C,APP-B,NOT-APPLIED,Baseline condition; no improvement actions applied,Synthetic EOL inspection generator,2.05,0.392,1.245,2.903,2.558,-0.013,11.84,12.00,10.00,14.00,-0.16,Within Specification,No Defect,0,FORCE-SENSOR-01,EOL-FORCE-01-V5,TB-30-01,30.0,20.0,1.0,20.0,0.01,Gripping Force,Synthetic Data,EOL-EG-V5,2026090703,2026090705
BL-042,42,EG-B-042,2026-08-05T08:30:00+08:00,2026-08-05,BATCH-B-03,Before Improvement,Day,OP-C,APP-C,NOT-APPLIED,Baseline condition; no improvement actions applied,Synthetic EOL inspection generator,2.002,0.34,0.833,2.987,2.31,-0.017,11.42,12.00,10.00,14.00,-0.58,Within Specification,No Defect,0,FORCE-SENSOR-01,EOL-FORCE-01-V5,TB-30-01,30.0,20.0,1.0,20.0,0.01,Gripping Force,Synthetic Data,EOL-EG-V5,2026090703,2026090705
BL-043,43,EG-B-043,2026-08-05T09:00:00+08:00,2026-08-05,BATCH-B-03,Before Improvement,Day,OP-C,APP-A,NOT-APPLIED,Baseline condition; no improvement actions applied,Synthetic EOL inspection generator,1.912,0.239,0.961,3.064,2.272,0.006,11.89,12.00,10.00,14.00,-0.11,Within Specification,No Defect,0,FORCE-SENSOR-01,EOL-FORCE-01-V5,TB-30-01,30.0,20.0,1.0,20.0,0.01,Gripping Force,Synthetic Data,EOL-EG-V5,2026090703,2026090705
BL-044,44,EG-B-044,2026-08-05T09:30:00+08:00,2026-08-05,BATCH-B-03,Before Improvement,Day,OP-C,APP-B,NOT-APPLIED,Baseline condition; no improvement actions applied,Synthetic EOL inspection generator,2.053,0.186,0.886,3.05,2.228,-0.041,11.96,12.00,10.00,14.00,-0.04,Within Specification,No Defect,0,FORCE-SENSOR-01,EOL-FORCE-01-V5,TB-30-01,30.0,20.0,1.0,20.0,0.01,Gripping Force,Synthetic Data,EOL-EG-V5,2026090703,2026090705
BL-045,45,EG-B-045,2026-08-05T10:00:00+08:00,2026-08-05,BATCH-B-03,Before Improvement,Day,OP-C,APP-C,NOT-APPLIED,Baseline condition; no improvement actions applied,Synthetic EOL inspection generator,2.117,0.498,0.782,3.074,2.226,0.038,12.38,12.00,10.00,14.00,0.38,Within Specification,No Defect,0,FORCE-SENSOR-01,EOL-FORCE-01-V5,TB-30-01,30.0,20.0,1.0,20.0,0.01,Gripping Force,Synthetic Data,EOL-EG-V5,2026090703,2026090705
BL-046,46,EG-B-046,2026-08-05T10:30:00+08:00,2026-08-05,BATCH-B-03,Before Improvement,Day,OP-A,APP-A,NOT-APPLIED,Baseline condition; no improvement actions applied,Synthetic EOL inspection generator,1.411,0.102,1.132,2.875,2.484,0.014,10.24,12.00,10.00,14.00,-1.76,Within Specification,No Defect,0,FORCE-SENSOR-01,EOL-FORCE-01-V5,TB-30-01,30.0,20.0,1.0,20.0,0.01,Gripping Force,Synthetic Data,EOL-EG-V5,2026090703,2026090705
BL-047,47,EG-B-047,2026-08-05T11:00:00+08:00,2026-08-05,BATCH-B-03,Before Improvement,Day,OP-A,APP-B,NOT-APPLIED,Baseline condition; no improvement actions applied,Synthetic EOL inspection generator,1.99,0.117,0.913,2.903,2.057,-0.009,11.73,12.00,10.00,14.00,-0.27,Within Specification,No Defect,0,FORCE-SENSOR-01,EOL-FORCE-01-V5,TB-30-01,30.0,20.0,1.0,20.0,0.01,Gripping Force,Synthetic Data,EOL-EG-V5,2026090703,2026090705
BL-048,48,EG-B-048,2026-08-05T11:30:00+08:00,2026-08-05,BATCH-B-03,Before Improvement,Day,OP-A,APP-C,NOT-APPLIED,Baseline condition; no improvement actions applied,Synthetic EOL inspection generator,1.447,0.135,1.173,2.735,1.845,0.016,10.18,12.00,10.00,14.00,-1.82,Within Specification,No Defect,0,FORCE-SENSOR-01,EOL-FORCE-01-V5,TB-30-01,30.0,20.0,1.0,20.0,0.01,Gripping Force,Synthetic Data,EOL-EG-V5,2026090703,2026090705
BL-049,49,EG-B-049,2026-08-05T12:00:00+08:00,2026-08-05,BATCH-B-03,Before Improvement,Day,OP-A,APP-A,NOT-APPLIED,Baseline condition; no improvement actions applied,Synthetic EOL inspection generator,2.431,0.141,0.793,3.177,2.412,-0.046,13.81,12.00,10.00,14.00,1.81,Within Specification,No Defect,0,FORCE-SENSOR-01,EOL-FORCE-01-V5,TB-30-01,30.0,20.0,1.0,20.0,0.01,Gripping Force,Synthetic Data,EOL-EG-V5,2026090703,2026090705
BL-050,50,EG-B-050,2026-08-05T12:30:00+08:00,2026-08-05,BATCH-B-03,Before Improvement,Day,OP-A,APP-B,NOT-APPLIED,Baseline condition; no improvement actions applied,Synthetic EOL inspection generator,1.917,0.137,0.934,3.018,2.524,0.012,11.51,12.00,10.00,14.00,-0.49,Within Specification,No Defect,0,FORCE-SENSOR-01,EOL-FORCE-01-V5,TB-30-01,30.0,20.0,1.0,20.0,0.01,Gripping Force,Synthetic Data,EOL-EG-V5,2026090703,2026090705
BL-051,51,EG-B-051,2026-08-05T20:00:00+08:00,2026-08-05,BATCH-B-03,Before Improvement,Night,OP-A,APP-C,NOT-APPLIED,Baseline condition; no improvement actions applied,Synthetic EOL inspection generator,2.161,0.324,1.271,2.99,2.4,-0.015,11.87,12.00,10.00,14.00,-0.13,Within Specification,No Defect,0,FORCE-SENSOR-01,EOL-FORCE-01-V5,TB-30-01,30.0,20.0,1.0,20.0,0.01,Gripping Force,Synthetic Data,EOL-EG-V5,2026090703,2026090705
BL-052,52,EG-B-052,2026-08-05T20:30:00+08:00,2026-08-05,BATCH-B-03,Before Improvement,Night,OP-A,APP-A,NOT-APPLIED,Baseline condition; no improvement actions applied,Synthetic EOL inspection generator,1.857,0.25,0.43,2.823,2.793,-0.077,11.44,12.00,10.00,14.00,-0.56,Within Specification,No Defect,0,FORCE-SENSOR-01,EOL-FORCE-01-V5,TB-30-01,30.0,20.0,1.0,20.0,0.01,Gripping Force,Synthetic Data,EOL-EG-V5,2026090703,2026090705
BL-053,53,EG-B-053,2026-08-05T21:00:00+08:00,2026-08-05,BATCH-B-03,Before Improvement,Night,OP-A,APP-B,NOT-APPLIED,Baseline condition; no improvement actions applied,Synthetic EOL inspection generator,2.156,0.152,0.944,2.974,2.375,0.044,12.46,12.00,10.00,14.00,0.46,Within Specification,No Defect,0,FORCE-SENSOR-01,EOL-FORCE-01-V5,TB-30-01,30.0,20.0,1.0,20.0,0.01,Gripping Force,Synthetic Data,EOL-EG-V5,2026090703,2026090705
BL-054,54,EG-B-054,2026-08-05T21:30:00+08:00,2026-08-05,BATCH-B-03,Before Improvement,Night,OP-A,APP-C,NOT-APPLIED,Baseline condition; no improvement actions applied,Synthetic EOL inspection generator,1.81,0.13,0.765,3.061,2.624,-0.018,11.28,12.00,10.00,14.00,-0.72,Within Specification,No Defect,0,FORCE-SENSOR-01,EOL-FORCE-01-V5,TB-30-01,30.0,20.0,1.0,20.0,0.01,Gripping Force,Synthetic Data,EOL-EG-V5,2026090703,2026090705
BL-055,55,EG-B-055,2026-08-05T22:00:00+08:00,2026-08-05,BATCH-B-03,Before Improvement,Night,OP-A,APP-A,NOT-APPLIED,Baseline condition; no improvement actions applied,Synthetic EOL inspection generator,1.428,0.47,0.45,2.972,2.74,0.104,10.39,12.00,10.00,14.00,-1.61,Within Specification,No Defect,0,FORCE-SENSOR-01,EOL-FORCE-01-V5,TB-30-01,30.0,20.0,1.0,20.0,0.01,Gripping Force,Synthetic Data,EOL-EG-V5,2026090703,2026090705
BL-056,56,EG-B-056,2026-08-05T22:30:00+08:00,2026-08-05,BATCH-B-03,Before Improvement,Night,OP-B,APP-B,NOT-APPLIED,Baseline condition; no improvement actions applied,Synthetic EOL inspection generator,1.967,0.453,0.295,2.948,2.414,0.032,11.83,12.00,10.00,14.00,-0.17,Within Specification,No Defect,0,FORCE-SENSOR-01,EOL-FORCE-01-V5,TB-30-01,30.0,20.0,1.0,20.0,0.01,Gripping Force,Synthetic Data,EOL-EG-V5,2026090703,2026090705
BL-057,57,EG-B-057,2026-08-05T23:00:00+08:00,2026-08-05,BATCH-B-03,Before Improvement,Night,OP-B,APP-C,NOT-APPLIED,Baseline condition; no improvement actions applied,Synthetic EOL inspection generator,1.995,0.284,0.956,3.112,2.353,-0.022,11.47,12.00,10.00,14.00,-0.53,Within Specification,No Defect,0,FORCE-SENSOR-01,EOL-FORCE-01-V5,TB-30-01,30.0,20.0,1.0,20.0,0.01,Gripping Force,Synthetic Data,EOL-EG-V5,2026090703,2026090705
BL-058,58,EG-B-058,2026-08-05T23:30:00+08:00,2026-08-05,BATCH-B-03,Before Improvement,Night,OP-B,APP-A,NOT-APPLIED,Baseline condition; no improvement actions applied,Synthetic EOL inspection generator,2.112,0.333,0.547,3.062,2.179,0.042,12.15,12.00,10.00,14.00,0.15,Within Specification,No Defect,0,FORCE-SENSOR-01,EOL-FORCE-01-V5,TB-30-01,30.0,20.0,1.0,20.0,0.01,Gripping Force,Synthetic Data,EOL-EG-V5,2026090703,2026090705
BL-059,59,EG-B-059,2026-08-06T00:00:00+08:00,2026-08-05,BATCH-B-03,Before Improvement,Night,OP-B,APP-B,NOT-APPLIED,Baseline condition; no improvement actions applied,Synthetic EOL inspection generator,1.863,0.138,1.371,2.908,2.294,-0.017,11.06,12.00,10.00,14.00,-0.94,Within Specification,No Defect,0,FORCE-SENSOR-01,EOL-FORCE-01-V5,TB-30-01,30.0,20.0,1.0,20.0,0.01,Gripping Force,Synthetic Data,EOL-EG-V5,2026090703,2026090705
BL-060,60,EG-B-060,2026-08-06T00:30:00+08:00,2026-08-05,BATCH-B-03,Before Improvement,Night,OP-B,APP-C,NOT-APPLIED,Baseline condition; no improvement actions applied,Synthetic EOL inspection generator,1.823,0.189,0.823,3.022,2.627,0.038,11.38,12.00,10.00,14.00,-0.62,Within Specification,No Defect,0,FORCE-SENSOR-01,EOL-FORCE-01-V5,TB-30-01,30.0,20.0,1.0,20.0,0.01,Gripping Force,Synthetic Data,EOL-EG-V5,2026090703,2026090705
BL-061,61,EG-B-061,2026-08-06T08:00:00+08:00,2026-08-06,BATCH-B-04,Before Improvement,Day,OP-A,APP-A,NOT-APPLIED,Baseline condition; no improvement actions applied,Synthetic EOL inspection generator,1.521,0.306,0.903,3.163,2.535,0.008,10.41,12.00,10.00,14.00,-1.59,Within Specification,No Defect,0,FORCE-SENSOR-01,EOL-FORCE-01-V5,TB-30-01,30.0,20.0,1.0,20.0,0.01,Gripping Force,Synthetic Data,EOL-EG-V5,2026090703,2026090705
BL-062,62,EG-B-062,2026-08-06T08:30:00+08:00,2026-08-06,BATCH-B-04,Before Improvement,Day,OP-A,APP-B,NOT-APPLIED,Baseline condition; no improvement actions applied,Synthetic EOL inspection generator,2.172,0.464,0.746,3.128,2.221,-0.046,12.41,12.00,10.00,14.00,0.41,Within Specification,No Defect,0,FORCE-SENSOR-01,EOL-FORCE-01-V5,TB-30-01,30.0,20.0,1.0,20.0,0.01,Gripping Force,Synthetic Data,EOL-EG-V5,2026090703,2026090705
BL-063,63,EG-B-063,2026-08-06T09:00:00+08:00,2026-08-06,BATCH-B-04,Before Improvement,Day,OP-A,APP-C,NOT-APPLIED,Baseline condition; no improvement actions applied,Synthetic EOL inspection generator,1.962,0.142,0.453,3.035,2.817,0.009,12.02,12.00,10.00,14.00,0.02,Within Specification,No Defect,0,FORCE-SENSOR-01,EOL-FORCE-01-V5,TB-30-01,30.0,20.0,1.0,20.0,0.01,Gripping Force,Synthetic Data,EOL-EG-V5,2026090703,2026090705
BL-064,64,EG-B-064,2026-08-06T09:30:00+08:00,2026-08-06,BATCH-B-04,Before Improvement,Day,OP-A,APP-A,NOT-APPLIED,Baseline condition; no improvement actions applied,Synthetic EOL inspection generator,1.715,0.254,0.522,3.051,2.489,0.027,11.38,12.00,10.00,14.00,-0.62,Within Specification,No Defect,0,FORCE-SENSOR-01,EOL-FORCE-01-V5,TB-30-01,30.0,20.0,1.0,20.0,0.01,Gripping Force,Synthetic Data,EOL-EG-V5,2026090703,2026090705
BL-065,65,EG-B-065,2026-08-06T10:00:00+08:00,2026-08-06,BATCH-B-04,Before Improvement,Day,OP-A,APP-B,NOT-APPLIED,Baseline condition; no improvement actions applied,Synthetic EOL inspection generator,2.185,0.224,0.614,3.058,2.58,-0.023,12.75,12.00,10.00,14.00,0.75,Within Specification,No Defect,0,FORCE-SENSOR-01,EOL-FORCE-01-V5,TB-30-01,30.0,20.0,1.0,20.0,0.01,Gripping Force,Synthetic Data,EOL-EG-V5,2026090703,2026090705
BL-066,66,EG-B-066,2026-08-06T10:30:00+08:00,2026-08-06,BATCH-B-04,Before Improvement,Day,OP-B,APP-C,NOT-APPLIED,Baseline condition; no improvement actions applied,Synthetic EOL inspection generator,1.677,0.251,0.67,3.034,2.454,0.019,11.00,12.00,10.00,14.00,-1.00,Within Specification,No Defect,0,FORCE-SENSOR-01,EOL-FORCE-01-V5,TB-30-01,30.0,20.0,1.0,20.0,0.01,Gripping Force,Synthetic Data,EOL-EG-V5,2026090703,2026090705
BL-067,67,EG-B-067,2026-08-06T11:00:00+08:00,2026-08-06,BATCH-B-04,Before Improvement,Day,OP-B,APP-A,NOT-APPLIED,Baseline condition; no improvement actions applied,Synthetic EOL inspection generator,2.437,0.103,0.836,2.755,2.341,0.033,13.06,12.00,10.00,14.00,1.06,Within Specification,No Defect,0,FORCE-SENSOR-01,EOL-FORCE-01-V5,TB-30-01,30.0,20.0,1.0,20.0,0.01,Gripping Force,Synthetic Data,EOL-EG-V5,2026090703,2026090705
BL-068,68,EG-B-068,2026-08-06T11:30:00+08:00,2026-08-06,BATCH-B-04,Before Improvement,Day,OP-B,APP-B,NOT-APPLIED,Baseline condition; no improvement actions applied,Synthetic EOL inspection generator,2.04,0.158,0.538,2.968,2.224,-0.025,12.02,12.00,10.00,14.00,0.02,Within Specification,No Defect,0,FORCE-SENSOR-01,EOL-FORCE-01-V5,TB-30-01,30.0,20.0,1.0,20.0,0.01,Gripping Force,Synthetic Data,EOL-EG-V5,2026090703,2026090705
BL-069,69,EG-B-069,2026-08-06T12:00:00+08:00,2026-08-06,BATCH-B-04,Before Improvement,Day,OP-B,APP-C,NOT-APPLIED,Baseline condition; no improvement actions applied,Synthetic EOL inspection generator,1.624,0.337,0.748,2.955,2.419,0.027,10.60,12.00,10.00,14.00,-1.40,Within Specification,No Defect,0,FORCE-SENSOR-01,EOL-FORCE-01-V5,TB-30-01,30.0,20.0,1.0,20.0,0.01,Gripping Force,Synthetic Data,EOL-EG-V5,2026090703,2026090705
BL-070,70,EG-B-070,2026-08-06T12:30:00+08:00,2026-08-06,BATCH-B-04,Before Improvement,Day,OP-B,APP-A,NOT-APPLIED,Baseline condition; no improvement actions applied,Synthetic EOL inspection generator,1.778,0.275,0.275,3.154,2.494,0.040,11.26,12.00,10.00,14.00,-0.74,Within Specification,No Defect,0,FORCE-SENSOR-01,EOL-FORCE-01-V5,TB-30-01,30.0,20.0,1.0,20.0,0.01,Gripping Force,Synthetic Data,EOL-EG-V5,2026090703,2026090705
BL-071,71,EG-B-071,2026-08-06T20:00:00+08:00,2026-08-06,BATCH-B-04,Before Improvement,Night,OP-B,APP-B,NOT-APPLIED,Baseline condition; no improvement actions applied,Synthetic EOL inspection generator,2.18,0.262,1.132,2.952,2.789,-0.073,12.45,12.00,10.00,14.00,0.45,Within Specification,No Defect,0,FORCE-SENSOR-01,EOL-FORCE-01-V5,TB-30-01,30.0,20.0,1.0,20.0,0.01,Gripping Force,Synthetic Data,EOL-EG-V5,2026090703,2026090705
BL-072,72,EG-B-072,2026-08-06T20:30:00+08:00,2026-08-06,BATCH-B-04,Before Improvement,Night,OP-B,APP-C,NOT-APPLIED,Baseline condition; no improvement actions applied,Synthetic EOL inspection generator,1.744,0.204,0.845,2.982,2.955,-0.036,10.97,12.00,10.00,14.00,-1.03,Within Specification,No Defect,0,FORCE-SENSOR-01,EOL-FORCE-01-V5,TB-30-01,30.0,20.0,1.0,20.0,0.01,Gripping Force,Synthetic Data,EOL-EG-V5,2026090703,2026090705
BL-073,73,EG-B-073,2026-08-06T21:00:00+08:00,2026-08-06,BATCH-B-04,Before Improvement,Night,OP-B,APP-A,NOT-APPLIED,Baseline condition; no improvement actions applied,Synthetic EOL inspection generator,1.89,0.076,0.805,2.958,2.703,0.013,12.27,12.00,10.00,14.00,0.27,Within Specification,No Defect,0,FORCE-SENSOR-01,EOL-FORCE-01-V5,TB-30-01,30.0,20.0,1.0,20.0,0.01,Gripping Force,Synthetic Data,EOL-EG-V5,2026090703,2026090705
BL-074,74,EG-B-074,2026-08-06T21:30:00+08:00,2026-08-06,BATCH-B-04,Before Improvement,Night,OP-B,APP-B,NOT-APPLIED,Baseline condition; no improvement actions applied,Synthetic EOL inspection generator,2.227,0.21,0.82,3.041,2.083,-0.007,12.87,12.00,10.00,14.00,0.87,Within Specification,No Defect,0,FORCE-SENSOR-01,EOL-FORCE-01-V5,TB-30-01,30.0,20.0,1.0,20.0,0.01,Gripping Force,Synthetic Data,EOL-EG-V5,2026090703,2026090705
BL-075,75,EG-B-075,2026-08-06T22:00:00+08:00,2026-08-06,BATCH-B-04,Before Improvement,Night,OP-B,APP-C,NOT-APPLIED,Baseline condition; no improvement actions applied,Synthetic EOL inspection generator,2.131,0.243,0.547,2.887,2.423,-0.020,12.27,12.00,10.00,14.00,0.27,Within Specification,No Defect,0,FORCE-SENSOR-01,EOL-FORCE-01-V5,TB-30-01,30.0,20.0,1.0,20.0,0.01,Gripping Force,Synthetic Data,EOL-EG-V5,2026090703,2026090705
BL-076,76,EG-B-076,2026-08-06T22:30:00+08:00,2026-08-06,BATCH-B-04,Before Improvement,Night,OP-C,APP-A,NOT-APPLIED,Baseline condition; no improvement actions applied,Synthetic EOL inspection generator,1.742,0.4,0.786,2.985,2.645,0.016,10.95,12.00,10.00,14.00,-1.05,Within Specification,No Defect,0,FORCE-SENSOR-01,EOL-FORCE-01-V5,TB-30-01,30.0,20.0,1.0,20.0,0.01,Gripping Force,Synthetic Data,EOL-EG-V5,2026090703,2026090705
BL-077,77,EG-B-077,2026-08-06T23:00:00+08:00,2026-08-06,BATCH-B-04,Before Improvement,Night,OP-C,APP-B,NOT-APPLIED,Baseline condition; no improvement actions applied,Synthetic EOL inspection generator,1.884,0.326,0.487,2.807,2.525,-0.002,11.13,12.00,10.00,14.00,-0.87,Within Specification,No Defect,0,FORCE-SENSOR-01,EOL-FORCE-01-V5,TB-30-01,30.0,20.0,1.0,20.0,0.01,Gripping Force,Synthetic Data,EOL-EG-V5,2026090703,2026090705
BL-078,78,EG-B-078,2026-08-06T23:30:00+08:00,2026-08-06,BATCH-B-04,Before Improvement,Night,OP-C,APP-C,NOT-APPLIED,Baseline condition; no improvement actions applied,Synthetic EOL inspection generator,2.283,0.52,0.853,2.93,2.291,-0.049,11.85,12.00,10.00,14.00,-0.15,Within Specification,No Defect,0,FORCE-SENSOR-01,EOL-FORCE-01-V5,TB-30-01,30.0,20.0,1.0,20.0,0.01,Gripping Force,Synthetic Data,EOL-EG-V5,2026090703,2026090705
BL-079,79,EG-B-079,2026-08-07T00:00:00+08:00,2026-08-06,BATCH-B-04,Before Improvement,Night,OP-C,APP-A,NOT-APPLIED,Baseline condition; no improvement actions applied,Synthetic EOL inspection generator,1.523,0.387,0.832,3.05,2.388,-0.032,10.25,12.00,10.00,14.00,-1.75,Within Specification,No Defect,0,FORCE-SENSOR-01,EOL-FORCE-01-V5,TB-30-01,30.0,20.0,1.0,20.0,0.01,Gripping Force,Synthetic Data,EOL-EG-V5,2026090703,2026090705
BL-080,80,EG-B-080,2026-08-07T00:30:00+08:00,2026-08-06,BATCH-B-04,Before Improvement,Night,OP-C,APP-B,NOT-APPLIED,Baseline condition; no improvement actions applied,Synthetic EOL inspection generator,1.673,0.346,0.874,3.099,2.436,-0.062,10.84,12.00,10.00,14.00,-1.16,Within Specification,No Defect,0,FORCE-SENSOR-01,EOL-FORCE-01-V5,TB-30-01,30.0,20.0,1.0,20.0,0.01,Gripping Force,Synthetic Data,EOL-EG-V5,2026090703,2026090705
BL-081,81,EG-B-081,2026-08-07T08:00:00+08:00,2026-08-07,BATCH-B-05,Before Improvement,Day,OP-B,APP-C,NOT-APPLIED,Baseline condition; no improvement actions applied,Synthetic EOL inspection generator,2.134,0.051,0.76,3.082,2.4,0.010,12.52,12.00,10.00,14.00,0.52,Within Specification,No Defect,0,FORCE-SENSOR-01,EOL-FORCE-01-V5,TB-30-01,30.0,20.0,1.0,20.0,0.01,Gripping Force,Synthetic Data,EOL-EG-V5,2026090703,2026090705
BL-082,82,EG-B-082,2026-08-07T08:30:00+08:00,2026-08-07,BATCH-B-05,Before Improvement,Day,OP-B,APP-A,NOT-APPLIED,Baseline condition; no improvement actions applied,Synthetic EOL inspection generator,2.264,0.059,0.704,3.172,2.668,-0.002,12.92,12.00,10.00,14.00,0.92,Within Specification,No Defect,0,FORCE-SENSOR-01,EOL-FORCE-01-V5,TB-30-01,30.0,20.0,1.0,20.0,0.01,Gripping Force,Synthetic Data,EOL-EG-V5,2026090703,2026090705
BL-083,83,EG-B-083,2026-08-07T09:00:00+08:00,2026-08-07,BATCH-B-05,Before Improvement,Day,OP-B,APP-B,NOT-APPLIED,Baseline condition; no improvement actions applied,Synthetic EOL inspection generator,2.174,0.103,0.555,2.993,2.464,-0.035,12.66,12.00,10.00,14.00,0.66,Within Specification,No Defect,0,FORCE-SENSOR-01,EOL-FORCE-01-V5,TB-30-01,30.0,20.0,1.0,20.0,0.01,Gripping Force,Synthetic Data,EOL-EG-V5,2026090703,2026090705
BL-084,84,EG-B-084,2026-08-07T09:30:00+08:00,2026-08-07,BATCH-B-05,Before Improvement,Day,OP-B,APP-C,NOT-APPLIED,Baseline condition; no improvement actions applied,Synthetic EOL inspection generator,1.981,0.252,0.657,3.153,2.643,0.019,12.04,12.00,10.00,14.00,0.04,Within Specification,No Defect,0,FORCE-SENSOR-01,EOL-FORCE-01-V5,TB-30-01,30.0,20.0,1.0,20.0,0.01,Gripping Force,Synthetic Data,EOL-EG-V5,2026090703,2026090705
BL-085,85,EG-B-085,2026-08-07T10:00:00+08:00,2026-08-07,BATCH-B-05,Before Improvement,Day,OP-B,APP-A,NOT-APPLIED,Baseline condition; no improvement actions applied,Synthetic EOL inspection generator,2.093,0.294,0.458,3.161,2.486,0.037,12.86,12.00,10.00,14.00,0.86,Within Specification,No Defect,0,FORCE-SENSOR-01,EOL-FORCE-01-V5,TB-30-01,30.0,20.0,1.0,20.0,0.01,Gripping Force,Synthetic Data,EOL-EG-V5,2026090703,2026090705
BL-086,86,EG-B-086,2026-08-07T10:30:00+08:00,2026-08-07,BATCH-B-05,Before Improvement,Day,OP-C,APP-B,NOT-APPLIED,Baseline condition; no improvement actions applied,Synthetic EOL inspection generator,1.389,0.291,0.889,3.246,2.321,0.065,10.67,12.00,10.00,14.00,-1.33,Within Specification,No Defect,0,FORCE-SENSOR-01,EOL-FORCE-01-V5,TB-30-01,30.0,20.0,1.0,20.0,0.01,Gripping Force,Synthetic Data,EOL-EG-V5,2026090703,2026090705
BL-087,87,EG-B-087,2026-08-07T11:00:00+08:00,2026-08-07,BATCH-B-05,Before Improvement,Day,OP-C,APP-C,NOT-APPLIED,Baseline condition; no improvement actions applied,Synthetic EOL inspection generator,1.771,0.439,0.945,3.028,2.328,0.020,10.66,12.00,10.00,14.00,-1.34,Within Specification,No Defect,0,FORCE-SENSOR-01,EOL-FORCE-01-V5,TB-30-01,30.0,20.0,1.0,20.0,0.01,Gripping Force,Synthetic Data,EOL-EG-V5,2026090703,2026090705
BL-088,88,EG-B-088,2026-08-07T11:30:00+08:00,2026-08-07,BATCH-B-05,Before Improvement,Day,OP-C,APP-A,NOT-APPLIED,Baseline condition; no improvement actions applied,Synthetic EOL inspection generator,1.769,0.384,0.867,2.969,2.038,-0.012,10.60,12.00,10.00,14.00,-1.40,Within Specification,No Defect,0,FORCE-SENSOR-01,EOL-FORCE-01-V5,TB-30-01,30.0,20.0,1.0,20.0,0.01,Gripping Force,Synthetic Data,EOL-EG-V5,2026090703,2026090705
BL-089,89,EG-B-089,2026-08-07T12:00:00+08:00,2026-08-07,BATCH-B-05,Before Improvement,Day,OP-C,APP-B,NOT-APPLIED,Baseline condition; no improvement actions applied,Synthetic EOL inspection generator,1.957,0.314,0.816,3.274,2.468,-0.010,12.05,12.00,10.00,14.00,0.05,Within Specification,No Defect,0,FORCE-SENSOR-01,EOL-FORCE-01-V5,TB-30-01,30.0,20.0,1.0,20.0,0.01,Gripping Force,Synthetic Data,EOL-EG-V5,2026090703,2026090705
BL-090,90,EG-B-090,2026-08-07T12:30:00+08:00,2026-08-07,BATCH-B-05,Before Improvement,Day,OP-C,APP-C,NOT-APPLIED,Baseline condition; no improvement actions applied,Synthetic EOL inspection generator,1.794,0.239,0.263,2.957,2.093,0.017,11.57,12.00,10.00,14.00,-0.43,Within Specification,No Defect,0,FORCE-SENSOR-01,EOL-FORCE-01-V5,TB-30-01,30.0,20.0,1.0,20.0,0.01,Gripping Force,Synthetic Data,EOL-EG-V5,2026090703,2026090705
BL-091,91,EG-B-091,2026-08-07T20:00:00+08:00,2026-08-07,BATCH-B-05,Before Improvement,Night,OP-C,APP-A,NOT-APPLIED,Baseline condition; no improvement actions applied,Synthetic EOL inspection generator,1.956,0.228,0.905,3.032,2.269,-0.023,11.96,12.00,10.00,14.00,-0.04,Within Specification,No Defect,0,FORCE-SENSOR-01,EOL-FORCE-01-V5,TB-30-01,30.0,20.0,1.0,20.0,0.01,Gripping Force,Synthetic Data,EOL-EG-V5,2026090703,2026090705
BL-092,92,EG-B-092,2026-08-07T20:30:00+08:00,2026-08-07,BATCH-B-05,Before Improvement,Night,OP-C,APP-B,NOT-APPLIED,Baseline condition; no improvement actions applied,Synthetic EOL inspection generator,1.921,0.261,0.767,3.011,2.707,0.011,12.41,12.00,10.00,14.00,0.41,Within Specification,No Defect,0,FORCE-SENSOR-01,EOL-FORCE-01-V5,TB-30-01,30.0,20.0,1.0,20.0,0.01,Gripping Force,Synthetic Data,EOL-EG-V5,2026090703,2026090705
BL-093,93,EG-B-093,2026-08-07T21:00:00+08:00,2026-08-07,BATCH-B-05,Before Improvement,Night,OP-C,APP-C,NOT-APPLIED,Baseline condition; no improvement actions applied,Synthetic EOL inspection generator,2.103,0.286,1.101,2.995,2.634,0.065,12.11,12.00,10.00,14.00,0.11,Within Specification,No Defect,0,FORCE-SENSOR-01,EOL-FORCE-01-V5,TB-30-01,30.0,20.0,1.0,20.0,0.01,Gripping Force,Synthetic Data,EOL-EG-V5,2026090703,2026090705
BL-094,94,EG-B-094,2026-08-07T21:30:00+08:00,2026-08-07,BATCH-B-05,Before Improvement,Night,OP-C,APP-A,NOT-APPLIED,Baseline condition; no improvement actions applied,Synthetic EOL inspection generator,1.527,0.399,0.898,2.99,2.306,0.083,10.48,12.00,10.00,14.00,-1.52,Within Specification,No Defect,0,FORCE-SENSOR-01,EOL-FORCE-01-V5,TB-30-01,30.0,20.0,1.0,20.0,0.01,Gripping Force,Synthetic Data,EOL-EG-V5,2026090703,2026090705
BL-095,95,EG-B-095,2026-08-07T22:00:00+08:00,2026-08-07,BATCH-B-05,Before Improvement,Night,OP-C,APP-B,NOT-APPLIED,Baseline condition; no improvement actions applied,Synthetic EOL inspection generator,1.365,0.41,0.787,3.067,2.542,0.006,9.82,12.00,10.00,14.00,-2.18,Out of Specification,Under Force,1,FORCE-SENSOR-01,EOL-FORCE-01-V5,TB-30-01,30.0,20.0,1.0,20.0,0.01,Gripping Force,Synthetic Data,EOL-EG-V5,2026090703,2026090705
BL-096,96,EG-B-096,2026-08-07T22:30:00+08:00,2026-08-07,BATCH-B-05,Before Improvement,Night,OP-A,APP-C,NOT-APPLIED,Baseline condition; no improvement actions applied,Synthetic EOL inspection generator,2.131,0.08,0.631,2.945,2.081,-0.065,12.50,12.00,10.00,14.00,0.50,Within Specification,No Defect,0,FORCE-SENSOR-01,EOL-FORCE-01-V5,TB-30-01,30.0,20.0,1.0,20.0,0.01,Gripping Force,Synthetic Data,EOL-EG-V5,2026090703,2026090705
BL-097,97,EG-B-097,2026-08-07T23:00:00+08:00,2026-08-07,BATCH-B-05,Before Improvement,Night,OP-A,APP-A,NOT-APPLIED,Baseline condition; no improvement actions applied,Synthetic EOL inspection generator,1.757,0.219,0.783,3.024,2.344,0.112,11.16,12.00,10.00,14.00,-0.84,Within Specification,No Defect,0,FORCE-SENSOR-01,EOL-FORCE-01-V5,TB-30-01,30.0,20.0,1.0,20.0,0.01,Gripping Force,Synthetic Data,EOL-EG-V5,2026090703,2026090705
BL-098,98,EG-B-098,2026-08-07T23:30:00+08:00,2026-08-07,BATCH-B-05,Before Improvement,Night,OP-A,APP-B,NOT-APPLIED,Baseline condition; no improvement actions applied,Synthetic EOL inspection generator,2.155,0.31,0.52,3.252,2.577,-0.026,12.73,12.00,10.00,14.00,0.73,Within Specification,No Defect,0,FORCE-SENSOR-01,EOL-FORCE-01-V5,TB-30-01,30.0,20.0,1.0,20.0,0.01,Gripping Force,Synthetic Data,EOL-EG-V5,2026090703,2026090705
BL-099,99,EG-B-099,2026-08-08T00:00:00+08:00,2026-08-07,BATCH-B-05,Before Improvement,Night,OP-A,APP-C,NOT-APPLIED,Baseline condition; no improvement actions applied,Synthetic EOL inspection generator,1.885,0.371,1.014,2.927,2.508,-0.036,11.70,12.00,10.00,14.00,-0.30,Within Specification,No Defect,0,FORCE-SENSOR-01,EOL-FORCE-01-V5,TB-30-01,30.0,20.0,1.0,20.0,0.01,Gripping Force,Synthetic Data,EOL-EG-V5,2026090703,2026090705
BL-100,100,EG-B-100,2026-08-08T00:30:00+08:00,2026-08-07,BATCH-B-05,Before Improvement,Night,OP-A,APP-A,NOT-APPLIED,Baseline condition; no improvement actions applied,Synthetic EOL inspection generator,1.846,0.234,0.785,3.178,2.272,0.017,11.47,12.00,10.00,14.00,-0.53,Within Specification,No Defect,0,FORCE-SENSOR-01,EOL-FORCE-01-V5,TB-30-01,30.0,20.0,1.0,20.0,0.01,Gripping Force,Synthetic Data,EOL-EG-V5,2026090703,2026090705
BL-101,101,EG-B-101,2026-08-10T08:00:00+08:00,2026-08-10,BATCH-B-06,Before Improvement,Day,OP-C,APP-B,NOT-APPLIED,Baseline condition; no improvement actions applied,Synthetic EOL inspection generator,2.006,0.211,0.669,2.892,2.257,0.024,12.01,12.00,10.00,14.00,0.01,Within Specification,No Defect,0,FORCE-SENSOR-01,EOL-FORCE-01-V5,TB-30-01,30.0,20.0,1.0,20.0,0.01,Gripping Force,Synthetic Data,EOL-EG-V5,2026090703,2026090705
BL-102,102,EG-B-102,2026-08-10T08:30:00+08:00,2026-08-10,BATCH-B-06,Before Improvement,Day,OP-C,APP-C,NOT-APPLIED,Baseline condition; no improvement actions applied,Synthetic EOL inspection generator,1.914,0.466,0.535,2.947,2.206,-0.014,11.36,12.00,10.00,14.00,-0.64,Within Specification,No Defect,0,FORCE-SENSOR-01,EOL-FORCE-01-V5,TB-30-01,30.0,20.0,1.0,20.0,0.01,Gripping Force,Synthetic Data,EOL-EG-V5,2026090703,2026090705
BL-103,103,EG-B-103,2026-08-10T09:00:00+08:00,2026-08-10,BATCH-B-06,Before Improvement,Day,OP-C,APP-A,NOT-APPLIED,Baseline condition; no improvement actions applied,Synthetic EOL inspection generator,1.503,0.441,0.699,2.98,2.31,0.030,9.40,12.00,10.00,14.00,-2.60,Out of Specification,Under Force,1,FORCE-SENSOR-01,EOL-FORCE-01-V5,TB-30-01,30.0,20.0,1.0,20.0,0.01,Gripping Force,Synthetic Data,EOL-EG-V5,2026090703,2026090705
BL-104,104,EG-B-104,2026-08-10T09:30:00+08:00,2026-08-10,BATCH-B-06,Before Improvement,Day,OP-C,APP-B,NOT-APPLIED,Baseline condition; no improvement actions applied,Synthetic EOL inspection generator,1.922,0.662,0.764,2.987,2.108,-0.012,11.28,12.00,10.00,14.00,-0.72,Within Specification,No Defect,0,FORCE-SENSOR-01,EOL-FORCE-01-V5,TB-30-01,30.0,20.0,1.0,20.0,0.01,Gripping Force,Synthetic Data,EOL-EG-V5,2026090703,2026090705
BL-105,105,EG-B-105,2026-08-10T10:00:00+08:00,2026-08-10,BATCH-B-06,Before Improvement,Day,OP-C,APP-C,NOT-APPLIED,Baseline condition; no improvement actions applied,Synthetic EOL inspection generator,1.843,0.432,0.667,2.857,2.337,0.012,11.42,12.00,10.00,14.00,-0.58,Within Specification,No Defect,0,FORCE-SENSOR-01,EOL-FORCE-01-V5,TB-30-01,30.0,20.0,1.0,20.0,0.01,Gripping Force,Synthetic Data,EOL-EG-V5,2026090703,2026090705
BL-106,106,EG-B-106,2026-08-10T10:30:00+08:00,2026-08-10,BATCH-B-06,Before Improvement,Day,OP-A,APP-A,NOT-APPLIED,Baseline condition; no improvement actions applied,Synthetic EOL inspection generator,2.209,0.278,0.767,2.964,2.134,-0.007,12.21,12.00,10.00,14.00,0.21,Within Specification,No Defect,0,FORCE-SENSOR-01,EOL-FORCE-01-V5,TB-30-01,30.0,20.0,1.0,20.0,0.01,Gripping Force,Synthetic Data,EOL-EG-V5,2026090703,2026090705
BL-107,107,EG-B-107,2026-08-10T11:00:00+08:00,2026-08-10,BATCH-B-06,Before Improvement,Day,OP-A,APP-B,NOT-APPLIED,Baseline condition; no improvement actions applied,Synthetic EOL inspection generator,2.142,0.221,0.771,3.012,2.26,-0.003,12.52,12.00,10.00,14.00,0.52,Within Specification,No Defect,0,FORCE-SENSOR-01,EOL-FORCE-01-V5,TB-30-01,30.0,20.0,1.0,20.0,0.01,Gripping Force,Synthetic Data,EOL-EG-V5,2026090703,2026090705
BL-108,108,EG-B-108,2026-08-10T11:30:00+08:00,2026-08-10,BATCH-B-06,Before Improvement,Day,OP-A,APP-C,NOT-APPLIED,Baseline condition; no improvement actions applied,Synthetic EOL inspection generator,2.183,0.204,0.35,2.894,2.742,0.046,12.63,12.00,10.00,14.00,0.63,Within Specification,No Defect,0,FORCE-SENSOR-01,EOL-FORCE-01-V5,TB-30-01,30.0,20.0,1.0,20.0,0.01,Gripping Force,Synthetic Data,EOL-EG-V5,2026090703,2026090705
BL-109,109,EG-B-109,2026-08-10T12:00:00+08:00,2026-08-10,BATCH-B-06,Before Improvement,Day,OP-A,APP-A,NOT-APPLIED,Baseline condition; no improvement actions applied,Synthetic EOL inspection generator,2.175,0.369,0.935,2.988,2.463,0.015,12.08,12.00,10.00,14.00,0.08,Within Specification,No Defect,0,FORCE-SENSOR-01,EOL-FORCE-01-V5,TB-30-01,30.0,20.0,1.0,20.0,0.01,Gripping Force,Synthetic Data,EOL-EG-V5,2026090703,2026090705
BL-110,110,EG-B-110,2026-08-10T12:30:00+08:00,2026-08-10,BATCH-B-06,Before Improvement,Day,OP-A,APP-B,NOT-APPLIED,Baseline condition; no improvement actions applied,Synthetic EOL inspection generator,2.318,0.087,0.617,2.938,2.16,-0.025,12.93,12.00,10.00,14.00,0.93,Within Specification,No Defect,0,FORCE-SENSOR-01,EOL-FORCE-01-V5,TB-30-01,30.0,20.0,1.0,20.0,0.01,Gripping Force,Synthetic Data,EOL-EG-V5,2026090703,2026090705
BL-111,111,EG-B-111,2026-08-10T20:00:00+08:00,2026-08-10,BATCH-B-06,Before Improvement,Night,OP-A,APP-C,NOT-APPLIED,Baseline condition; no improvement actions applied,Synthetic EOL inspection generator,2.153,0.049,0.356,2.975,2.511,0.013,12.79,12.00,10.00,14.00,0.79,Within Specification,No Defect,0,FORCE-SENSOR-01,EOL-FORCE-01-V5,TB-30-01,30.0,20.0,1.0,20.0,0.01,Gripping Force,Synthetic Data,EOL-EG-V5,2026090703,2026090705
BL-112,112,EG-B-112,2026-08-10T20:30:00+08:00,2026-08-10,BATCH-B-06,Before Improvement,Night,OP-A,APP-A,NOT-APPLIED,Baseline condition; no improvement actions applied,Synthetic EOL inspection generator,1.713,0.197,0.607,3.037,2.278,-0.017,11.01,12.00,10.00,14.00,-0.99,Within Specification,No Defect,0,FORCE-SENSOR-01,EOL-FORCE-01-V5,TB-30-01,30.0,20.0,1.0,20.0,0.01,Gripping Force,Synthetic Data,EOL-EG-V5,2026090703,2026090705
BL-113,113,EG-B-113,2026-08-10T21:00:00+08:00,2026-08-10,BATCH-B-06,Before Improvement,Night,OP-A,APP-B,NOT-APPLIED,Baseline condition; no improvement actions applied,Synthetic EOL inspection generator,1.597,0.158,0.667,3.01,2.728,0.014,10.53,12.00,10.00,14.00,-1.47,Within Specification,No Defect,0,FORCE-SENSOR-01,EOL-FORCE-01-V5,TB-30-01,30.0,20.0,1.0,20.0,0.01,Gripping Force,Synthetic Data,EOL-EG-V5,2026090703,2026090705
BL-114,114,EG-B-114,2026-08-10T21:30:00+08:00,2026-08-10,BATCH-B-06,Before Improvement,Night,OP-A,APP-C,NOT-APPLIED,Baseline condition; no improvement actions applied,Synthetic EOL inspection generator,1.952,0.323,0.636,2.998,2.589,-0.029,11.93,12.00,10.00,14.00,-0.07,Within Specification,No Defect,0,FORCE-SENSOR-01,EOL-FORCE-01-V5,TB-30-01,30.0,20.0,1.0,20.0,0.01,Gripping Force,Synthetic Data,EOL-EG-V5,2026090703,2026090705
BL-115,115,EG-B-115,2026-08-10T22:00:00+08:00,2026-08-10,BATCH-B-06,Before Improvement,Night,OP-A,APP-A,NOT-APPLIED,Baseline condition; no improvement actions applied,Synthetic EOL inspection generator,1.853,0.169,0.947,3.074,2.658,0.018,11.74,12.00,10.00,14.00,-0.26,Within Specification,No Defect,0,FORCE-SENSOR-01,EOL-FORCE-01-V5,TB-30-01,30.0,20.0,1.0,20.0,0.01,Gripping Force,Synthetic Data,EOL-EG-V5,2026090703,2026090705
BL-116,116,EG-B-116,2026-08-10T22:30:00+08:00,2026-08-10,BATCH-B-06,Before Improvement,Night,OP-B,APP-B,NOT-APPLIED,Baseline condition; no improvement actions applied,Synthetic EOL inspection generator,1.756,0.418,1.004,2.841,2.427,0.020,10.81,12.00,10.00,14.00,-1.19,Within Specification,No Defect,0,FORCE-SENSOR-01,EOL-FORCE-01-V5,TB-30-01,30.0,20.0,1.0,20.0,0.01,Gripping Force,Synthetic Data,EOL-EG-V5,2026090703,2026090705
BL-117,117,EG-B-117,2026-08-10T23:00:00+08:00,2026-08-10,BATCH-B-06,Before Improvement,Night,OP-B,APP-C,NOT-APPLIED,Baseline condition; no improvement actions applied,Synthetic EOL inspection generator,1.59,0.334,0.733,3.037,2.677,-0.009,11.03,12.00,10.00,14.00,-0.97,Within Specification,No Defect,0,FORCE-SENSOR-01,EOL-FORCE-01-V5,TB-30-01,30.0,20.0,1.0,20.0,0.01,Gripping Force,Synthetic Data,EOL-EG-V5,2026090703,2026090705
BL-118,118,EG-B-118,2026-08-10T23:30:00+08:00,2026-08-10,BATCH-B-06,Before Improvement,Night,OP-B,APP-A,NOT-APPLIED,Baseline condition; no improvement actions applied,Synthetic EOL inspection generator,1.494,0.521,0.667,2.948,2.63,0.030,10.00,12.00,10.00,14.00,-2.00,Within Specification,No Defect,0,FORCE-SENSOR-01,EOL-FORCE-01-V5,TB-30-01,30.0,20.0,1.0,20.0,0.01,Gripping Force,Synthetic Data,EOL-EG-V5,2026090703,2026090705
BL-119,119,EG-B-119,2026-08-11T00:00:00+08:00,2026-08-10,BATCH-B-06,Before Improvement,Night,OP-B,APP-B,NOT-APPLIED,Baseline condition; no improvement actions applied,Synthetic EOL inspection generator,1.655,0.363,0.82,2.923,2.709,0.032,10.57,12.00,10.00,14.00,-1.43,Within Specification,No Defect,0,FORCE-SENSOR-01,EOL-FORCE-01-V5,TB-30-01,30.0,20.0,1.0,20.0,0.01,Gripping Force,Synthetic Data,EOL-EG-V5,2026090703,2026090705
BL-120,120,EG-B-120,2026-08-11T00:30:00+08:00,2026-08-10,BATCH-B-06,Before Improvement,Night,OP-B,APP-C,NOT-APPLIED,Baseline condition; no improvement actions applied,Synthetic EOL inspection generator,2.031,0.196,0.641,2.848,2.148,0.063,12.01,12.00,10.00,14.00,0.01,Within Specification,No Defect,0,FORCE-SENSOR-01,EOL-FORCE-01-V5,TB-30-01,30.0,20.0,1.0,20.0,0.01,Gripping Force,Synthetic Data,EOL-EG-V5,2026090703,2026090705
BL-121,121,EG-B-121,2026-08-11T08:00:00+08:00,2026-08-11,BATCH-B-07,Before Improvement,Day,OP-A,APP-A,NOT-APPLIED,Baseline condition; no improvement actions applied,Synthetic EOL inspection generator,2.237,0.156,0.737,2.781,2.841,0.015,12.48,12.00,10.00,14.00,0.48,Within Specification,No Defect,0,FORCE-SENSOR-01,EOL-FORCE-01-V5,TB-30-01,30.0,20.0,1.0,20.0,0.01,Gripping Force,Synthetic Data,EOL-EG-V5,2026090703,2026090705
BL-122,122,EG-B-122,2026-08-11T08:30:00+08:00,2026-08-11,BATCH-B-07,Before Improvement,Day,OP-A,APP-B,NOT-APPLIED,Baseline condition; no improvement actions applied,Synthetic EOL inspection generator,1.968,0.181,0.945,2.854,2.654,-0.034,11.83,12.00,10.00,14.00,-0.17,Within Specification,No Defect,0,FORCE-SENSOR-01,EOL-FORCE-01-V5,TB-30-01,30.0,20.0,1.0,20.0,0.01,Gripping Force,Synthetic Data,EOL-EG-V5,2026090703,2026090705
BL-123,123,EG-B-123,2026-08-11T09:00:00+08:00,2026-08-11,BATCH-B-07,Before Improvement,Day,OP-A,APP-C,NOT-APPLIED,Baseline condition; no improvement actions applied,Synthetic EOL inspection generator,2.157,0.207,0.778,2.92,2.572,-0.021,12.40,12.00,10.00,14.00,0.40,Within Specification,No Defect,0,FORCE-SENSOR-01,EOL-FORCE-01-V5,TB-30-01,30.0,20.0,1.0,20.0,0.01,Gripping Force,Synthetic Data,EOL-EG-V5,2026090703,2026090705
BL-124,124,EG-B-124,2026-08-11T09:30:00+08:00,2026-08-11,BATCH-B-07,Before Improvement,Day,OP-A,APP-A,NOT-APPLIED,Baseline condition; no improvement actions applied,Synthetic EOL inspection generator,2.313,0.218,0.998,2.991,2.321,0.065,12.58,12.00,10.00,14.00,0.58,Within Specification,No Defect,0,FORCE-SENSOR-01,EOL-FORCE-01-V5,TB-30-01,30.0,20.0,1.0,20.0,0.01,Gripping Force,Synthetic Data,EOL-EG-V5,2026090703,2026090705
BL-125,125,EG-B-125,2026-08-11T10:00:00+08:00,2026-08-11,BATCH-B-07,Before Improvement,Day,OP-A,APP-B,NOT-APPLIED,Baseline condition; no improvement actions applied,Synthetic EOL inspection generator,1.753,0.297,0.269,2.994,2.647,0.035,11.64,12.00,10.00,14.00,-0.36,Within Specification,No Defect,0,FORCE-SENSOR-01,EOL-FORCE-01-V5,TB-30-01,30.0,20.0,1.0,20.0,0.01,Gripping Force,Synthetic Data,EOL-EG-V5,2026090703,2026090705
BL-126,126,EG-B-126,2026-08-11T10:30:00+08:00,2026-08-11,BATCH-B-07,Before Improvement,Day,OP-B,APP-C,NOT-APPLIED,Baseline condition; no improvement actions applied,Synthetic EOL inspection generator,2.13,0.176,1.09,2.888,2.266,-0.040,11.67,12.00,10.00,14.00,-0.33,Within Specification,No Defect,0,FORCE-SENSOR-01,EOL-FORCE-01-V5,TB-30-01,30.0,20.0,1.0,20.0,0.01,Gripping Force,Synthetic Data,EOL-EG-V5,2026090703,2026090705
BL-127,127,EG-B-127,2026-08-11T11:00:00+08:00,2026-08-11,BATCH-B-07,Before Improvement,Day,OP-B,APP-A,NOT-APPLIED,Baseline condition; no improvement actions applied,Synthetic EOL inspection generator,1.86,0.087,0.925,3.131,2.296,-0.007,12.11,12.00,10.00,14.00,0.11,Within Specification,No Defect,0,FORCE-SENSOR-01,EOL-FORCE-01-V5,TB-30-01,30.0,20.0,1.0,20.0,0.01,Gripping Force,Synthetic Data,EOL-EG-V5,2026090703,2026090705
BL-128,128,EG-B-128,2026-08-11T11:30:00+08:00,2026-08-11,BATCH-B-07,Before Improvement,Day,OP-B,APP-B,NOT-APPLIED,Baseline condition; no improvement actions applied,Synthetic EOL inspection generator,2.017,0.462,0.151,2.912,2.513,0.014,11.64,12.00,10.00,14.00,-0.36,Within Specification,No Defect,0,FORCE-SENSOR-01,EOL-FORCE-01-V5,TB-30-01,30.0,20.0,1.0,20.0,0.01,Gripping Force,Synthetic Data,EOL-EG-V5,2026090703,2026090705
BL-129,129,EG-B-129,2026-08-11T12:00:00+08:00,2026-08-11,BATCH-B-07,Before Improvement,Day,OP-B,APP-C,NOT-APPLIED,Baseline condition; no improvement actions applied,Synthetic EOL inspection generator,1.941,0.053,0.805,2.853,2.528,0.020,11.96,12.00,10.00,14.00,-0.04,Within Specification,No Defect,0,FORCE-SENSOR-01,EOL-FORCE-01-V5,TB-30-01,30.0,20.0,1.0,20.0,0.01,Gripping Force,Synthetic Data,EOL-EG-V5,2026090703,2026090705
BL-130,130,EG-B-130,2026-08-11T12:30:00+08:00,2026-08-11,BATCH-B-07,Before Improvement,Day,OP-B,APP-A,NOT-APPLIED,Baseline condition; no improvement actions applied,Synthetic EOL inspection generator,1.835,0.155,0.795,2.89,2.008,0.017,11.31,12.00,10.00,14.00,-0.69,Within Specification,No Defect,0,FORCE-SENSOR-01,EOL-FORCE-01-V5,TB-30-01,30.0,20.0,1.0,20.0,0.01,Gripping Force,Synthetic Data,EOL-EG-V5,2026090703,2026090705
BL-131,131,EG-B-131,2026-08-11T20:00:00+08:00,2026-08-11,BATCH-B-07,Before Improvement,Night,OP-B,APP-B,NOT-APPLIED,Baseline condition; no improvement actions applied,Synthetic EOL inspection generator,1.826,0.32,0.813,2.806,2.466,-0.045,11.51,12.00,10.00,14.00,-0.49,Within Specification,No Defect,0,FORCE-SENSOR-01,EOL-FORCE-01-V5,TB-30-01,30.0,20.0,1.0,20.0,0.01,Gripping Force,Synthetic Data,EOL-EG-V5,2026090703,2026090705
BL-132,132,EG-B-132,2026-08-11T20:30:00+08:00,2026-08-11,BATCH-B-07,Before Improvement,Night,OP-B,APP-C,NOT-APPLIED,Baseline condition; no improvement actions applied,Synthetic EOL inspection generator,1.774,0.32,0.842,2.985,2.311,-0.005,11.25,12.00,10.00,14.00,-0.75,Within Specification,No Defect,0,FORCE-SENSOR-01,EOL-FORCE-01-V5,TB-30-01,30.0,20.0,1.0,20.0,0.01,Gripping Force,Synthetic Data,EOL-EG-V5,2026090703,2026090705
BL-133,133,EG-B-133,2026-08-11T21:00:00+08:00,2026-08-11,BATCH-B-07,Before Improvement,Night,OP-B,APP-A,NOT-APPLIED,Baseline condition; no improvement actions applied,Synthetic EOL inspection generator,2.01,0.271,1.008,3.034,2.371,-0.018,12.04,12.00,10.00,14.00,0.04,Within Specification,No Defect,0,FORCE-SENSOR-01,EOL-FORCE-01-V5,TB-30-01,30.0,20.0,1.0,20.0,0.01,Gripping Force,Synthetic Data,EOL-EG-V5,2026090703,2026090705
BL-134,134,EG-B-134,2026-08-11T21:30:00+08:00,2026-08-11,BATCH-B-07,Before Improvement,Night,OP-B,APP-B,NOT-APPLIED,Baseline condition; no improvement actions applied,Synthetic EOL inspection generator,1.752,0.491,0.846,2.968,2.731,-0.005,10.60,12.00,10.00,14.00,-1.40,Within Specification,No Defect,0,FORCE-SENSOR-01,EOL-FORCE-01-V5,TB-30-01,30.0,20.0,1.0,20.0,0.01,Gripping Force,Synthetic Data,EOL-EG-V5,2026090703,2026090705
BL-135,135,EG-B-135,2026-08-11T22:00:00+08:00,2026-08-11,BATCH-B-07,Before Improvement,Night,OP-B,APP-C,NOT-APPLIED,Baseline condition; no improvement actions applied,Synthetic EOL inspection generator,2.17,0.477,0.982,3.053,2.377,0.028,11.78,12.00,10.00,14.00,-0.22,Within Specification,No Defect,0,FORCE-SENSOR-01,EOL-FORCE-01-V5,TB-30-01,30.0,20.0,1.0,20.0,0.01,Gripping Force,Synthetic Data,EOL-EG-V5,2026090703,2026090705
BL-136,136,EG-B-136,2026-08-11T22:30:00+08:00,2026-08-11,BATCH-B-07,Before Improvement,Night,OP-C,APP-A,NOT-APPLIED,Baseline condition; no improvement actions applied,Synthetic EOL inspection generator,1.486,0.327,0.864,2.85,2.237,0.052,10.18,12.00,10.00,14.00,-1.82,Within Specification,No Defect,0,FORCE-SENSOR-01,EOL-FORCE-01-V5,TB-30-01,30.0,20.0,1.0,20.0,0.01,Gripping Force,Synthetic Data,EOL-EG-V5,2026090703,2026090705
BL-137,137,EG-B-137,2026-08-11T23:00:00+08:00,2026-08-11,BATCH-B-07,Before Improvement,Night,OP-C,APP-B,NOT-APPLIED,Baseline condition; no improvement actions applied,Synthetic EOL inspection generator,2.238,0.601,0.954,2.96,2.797,-0.084,12.27,12.00,10.00,14.00,0.27,Within Specification,No Defect,0,FORCE-SENSOR-01,EOL-FORCE-01-V5,TB-30-01,30.0,20.0,1.0,20.0,0.01,Gripping Force,Synthetic Data,EOL-EG-V5,2026090703,2026090705
BL-138,138,EG-B-138,2026-08-11T23:30:00+08:00,2026-08-11,BATCH-B-07,Before Improvement,Night,OP-C,APP-C,NOT-APPLIED,Baseline condition; no improvement actions applied,Synthetic EOL inspection generator,2.059,0.351,0.709,2.918,2.455,0.004,11.65,12.00,10.00,14.00,-0.35,Within Specification,No Defect,0,FORCE-SENSOR-01,EOL-FORCE-01-V5,TB-30-01,30.0,20.0,1.0,20.0,0.01,Gripping Force,Synthetic Data,EOL-EG-V5,2026090703,2026090705
BL-139,139,EG-B-139,2026-08-12T00:00:00+08:00,2026-08-11,BATCH-B-07,Before Improvement,Night,OP-C,APP-A,NOT-APPLIED,Baseline condition; no improvement actions applied,Synthetic EOL inspection generator,1.772,0.333,0.917,2.786,2.201,0.036,11.16,12.00,10.00,14.00,-0.84,Within Specification,No Defect,0,FORCE-SENSOR-01,EOL-FORCE-01-V5,TB-30-01,30.0,20.0,1.0,20.0,0.01,Gripping Force,Synthetic Data,EOL-EG-V5,2026090703,2026090705
BL-140,140,EG-B-140,2026-08-12T00:30:00+08:00,2026-08-11,BATCH-B-07,Before Improvement,Night,OP-C,APP-B,NOT-APPLIED,Baseline condition; no improvement actions applied,Synthetic EOL inspection generator,2.093,0.254,1.059,3.075,1.82,0.015,12.48,12.00,10.00,14.00,0.48,Within Specification,No Defect,0,FORCE-SENSOR-01,EOL-FORCE-01-V5,TB-30-01,30.0,20.0,1.0,20.0,0.01,Gripping Force,Synthetic Data,EOL-EG-V5,2026090703,2026090705
BL-141,141,EG-B-141,2026-08-12T08:00:00+08:00,2026-08-12,BATCH-B-08,Before Improvement,Day,OP-B,APP-C,NOT-APPLIED,Baseline condition; no improvement actions applied,Synthetic EOL inspection generator,2.437,0.36,0.651,2.94,2.552,0.000,13.46,12.00,10.00,14.00,1.46,Within Specification,No Defect,0,FORCE-SENSOR-01,EOL-FORCE-01-V5,TB-30-01,30.0,20.0,1.0,20.0,0.01,Gripping Force,Synthetic Data,EOL-EG-V5,2026090703,2026090705
BL-142,142,EG-B-142,2026-08-12T08:30:00+08:00,2026-08-12,BATCH-B-08,Before Improvement,Day,OP-B,APP-A,NOT-APPLIED,Baseline condition; no improvement actions applied,Synthetic EOL inspection generator,1.904,0.442,0.257,2.87,2.662,0.064,11.76,12.00,10.00,14.00,-0.24,Within Specification,No Defect,0,FORCE-SENSOR-01,EOL-FORCE-01-V5,TB-30-01,30.0,20.0,1.0,20.0,0.01,Gripping Force,Synthetic Data,EOL-EG-V5,2026090703,2026090705
BL-143,143,EG-B-143,2026-08-12T09:00:00+08:00,2026-08-12,BATCH-B-08,Before Improvement,Day,OP-B,APP-B,NOT-APPLIED,Baseline condition; no improvement actions applied,Synthetic EOL inspection generator,1.723,0.459,0.323,2.773,2.398,-0.030,10.81,12.00,10.00,14.00,-1.19,Within Specification,No Defect,0,FORCE-SENSOR-01,EOL-FORCE-01-V5,TB-30-01,30.0,20.0,1.0,20.0,0.01,Gripping Force,Synthetic Data,EOL-EG-V5,2026090703,2026090705
BL-144,144,EG-B-144,2026-08-12T09:30:00+08:00,2026-08-12,BATCH-B-08,Before Improvement,Day,OP-B,APP-C,NOT-APPLIED,Baseline condition; no improvement actions applied,Synthetic EOL inspection generator,1.904,0.364,0.585,3.028,2.603,0.070,11.68,12.00,10.00,14.00,-0.32,Within Specification,No Defect,0,FORCE-SENSOR-01,EOL-FORCE-01-V5,TB-30-01,30.0,20.0,1.0,20.0,0.01,Gripping Force,Synthetic Data,EOL-EG-V5,2026090703,2026090705
BL-145,145,EG-B-145,2026-08-12T10:00:00+08:00,2026-08-12,BATCH-B-08,Before Improvement,Day,OP-B,APP-A,NOT-APPLIED,Baseline condition; no improvement actions applied,Synthetic EOL inspection generator,1.995,0.364,0.582,2.961,2.169,0.100,12.22,12.00,10.00,14.00,0.22,Within Specification,No Defect,0,FORCE-SENSOR-01,EOL-FORCE-01-V5,TB-30-01,30.0,20.0,1.0,20.0,0.01,Gripping Force,Synthetic Data,EOL-EG-V5,2026090703,2026090705
BL-146,146,EG-B-146,2026-08-12T10:30:00+08:00,2026-08-12,BATCH-B-08,Before Improvement,Day,OP-C,APP-B,NOT-APPLIED,Baseline condition; no improvement actions applied,Synthetic EOL inspection generator,1.776,0.168,0.585,2.931,2.169,-0.030,11.19,12.00,10.00,14.00,-0.81,Within Specification,No Defect,0,FORCE-SENSOR-01,EOL-FORCE-01-V5,TB-30-01,30.0,20.0,1.0,20.0,0.01,Gripping Force,Synthetic Data,EOL-EG-V5,2026090703,2026090705
BL-147,147,EG-B-147,2026-08-12T11:00:00+08:00,2026-08-12,BATCH-B-08,Before Improvement,Day,OP-C,APP-C,NOT-APPLIED,Baseline condition; no improvement actions applied,Synthetic EOL inspection generator,2.071,0.349,0.871,3.002,2.496,-0.042,11.70,12.00,10.00,14.00,-0.30,Within Specification,No Defect,0,FORCE-SENSOR-01,EOL-FORCE-01-V5,TB-30-01,30.0,20.0,1.0,20.0,0.01,Gripping Force,Synthetic Data,EOL-EG-V5,2026090703,2026090705
BL-148,148,EG-B-148,2026-08-12T11:30:00+08:00,2026-08-12,BATCH-B-08,Before Improvement,Day,OP-C,APP-A,NOT-APPLIED,Baseline condition; no improvement actions applied,Synthetic EOL inspection generator,2.02,0.286,0.491,3.105,2.568,0.039,12.54,12.00,10.00,14.00,0.54,Within Specification,No Defect,0,FORCE-SENSOR-01,EOL-FORCE-01-V5,TB-30-01,30.0,20.0,1.0,20.0,0.01,Gripping Force,Synthetic Data,EOL-EG-V5,2026090703,2026090705
BL-149,149,EG-B-149,2026-08-12T12:00:00+08:00,2026-08-12,BATCH-B-08,Before Improvement,Day,OP-C,APP-B,NOT-APPLIED,Baseline condition; no improvement actions applied,Synthetic EOL inspection generator,1.994,0.403,0.263,2.862,2.085,-0.064,11.21,12.00,10.00,14.00,-0.79,Within Specification,No Defect,0,FORCE-SENSOR-01,EOL-FORCE-01-V5,TB-30-01,30.0,20.0,1.0,20.0,0.01,Gripping Force,Synthetic Data,EOL-EG-V5,2026090703,2026090705
BL-150,150,EG-B-150,2026-08-12T12:30:00+08:00,2026-08-12,BATCH-B-08,Before Improvement,Day,OP-C,APP-C,NOT-APPLIED,Baseline condition; no improvement actions applied,Synthetic EOL inspection generator,1.748,0.308,0.94,3.02,2.089,-0.005,10.66,12.00,10.00,14.00,-1.34,Within Specification,No Defect,0,FORCE-SENSOR-01,EOL-FORCE-01-V5,TB-30-01,30.0,20.0,1.0,20.0,0.01,Gripping Force,Synthetic Data,EOL-EG-V5,2026090703,2026090705
BL-151,151,EG-B-151,2026-08-12T20:00:00+08:00,2026-08-12,BATCH-B-08,Before Improvement,Night,OP-C,APP-A,NOT-APPLIED,Baseline condition; no improvement actions applied,Synthetic EOL inspection generator,1.603,0.248,0.612,2.856,2.339,0.014,10.58,12.00,10.00,14.00,-1.42,Within Specification,No Defect,0,FORCE-SENSOR-01,EOL-FORCE-01-V5,TB-30-01,30.0,20.0,1.0,20.0,0.01,Gripping Force,Synthetic Data,EOL-EG-V5,2026090703,2026090705
BL-152,152,EG-B-152,2026-08-12T20:30:00+08:00,2026-08-12,BATCH-B-08,Before Improvement,Night,OP-C,APP-B,NOT-APPLIED,Baseline condition; no improvement actions applied,Synthetic EOL inspection generator,1.988,0.378,0.357,3.191,2.542,-0.040,11.90,12.00,10.00,14.00,-0.10,Within Specification,No Defect,0,FORCE-SENSOR-01,EOL-FORCE-01-V5,TB-30-01,30.0,20.0,1.0,20.0,0.01,Gripping Force,Synthetic Data,EOL-EG-V5,2026090703,2026090705
BL-153,153,EG-B-153,2026-08-12T21:00:00+08:00,2026-08-12,BATCH-B-08,Before Improvement,Night,OP-C,APP-C,NOT-APPLIED,Baseline condition; no improvement actions applied,Synthetic EOL inspection generator,2.022,0.295,0.614,2.936,2.441,0.085,12.26,12.00,10.00,14.00,0.26,Within Specification,No Defect,0,FORCE-SENSOR-01,EOL-FORCE-01-V5,TB-30-01,30.0,20.0,1.0,20.0,0.01,Gripping Force,Synthetic Data,EOL-EG-V5,2026090703,2026090705
BL-154,154,EG-B-154,2026-08-12T21:30:00+08:00,2026-08-12,BATCH-B-08,Before Improvement,Night,OP-C,APP-A,NOT-APPLIED,Baseline condition; no improvement actions applied,Synthetic EOL inspection generator,1.883,0.155,0.875,3.198,2.853,-0.023,11.71,12.00,10.00,14.00,-0.29,Within Specification,No Defect,0,FORCE-SENSOR-01,EOL-FORCE-01-V5,TB-30-01,30.0,20.0,1.0,20.0,0.01,Gripping Force,Synthetic Data,EOL-EG-V5,2026090703,2026090705
BL-155,155,EG-B-155,2026-08-12T22:00:00+08:00,2026-08-12,BATCH-B-08,Before Improvement,Night,OP-C,APP-B,NOT-APPLIED,Baseline condition; no improvement actions applied,Synthetic EOL inspection generator,2.044,0.467,0.903,3.193,2.374,0.028,11.98,12.00,10.00,14.00,-0.02,Within Specification,No Defect,0,FORCE-SENSOR-01,EOL-FORCE-01-V5,TB-30-01,30.0,20.0,1.0,20.0,0.01,Gripping Force,Synthetic Data,EOL-EG-V5,2026090703,2026090705
BL-156,156,EG-B-156,2026-08-12T22:30:00+08:00,2026-08-12,BATCH-B-08,Before Improvement,Night,OP-A,APP-C,NOT-APPLIED,Baseline condition; no improvement actions applied,Synthetic EOL inspection generator,2.234,0.334,0.952,3.14,2.652,0.045,12.18,12.00,10.00,14.00,0.18,Within Specification,No Defect,0,FORCE-SENSOR-01,EOL-FORCE-01-V5,TB-30-01,30.0,20.0,1.0,20.0,0.01,Gripping Force,Synthetic Data,EOL-EG-V5,2026090703,2026090705
BL-157,157,EG-B-157,2026-08-12T23:00:00+08:00,2026-08-12,BATCH-B-08,Before Improvement,Night,OP-A,APP-A,NOT-APPLIED,Baseline condition; no improvement actions applied,Synthetic EOL inspection generator,1.815,0.251,0.228,2.876,2.111,-0.014,11.65,12.00,10.00,14.00,-0.35,Within Specification,No Defect,0,FORCE-SENSOR-01,EOL-FORCE-01-V5,TB-30-01,30.0,20.0,1.0,20.0,0.01,Gripping Force,Synthetic Data,EOL-EG-V5,2026090703,2026090705
BL-158,158,EG-B-158,2026-08-12T23:30:00+08:00,2026-08-12,BATCH-B-08,Before Improvement,Night,OP-A,APP-B,NOT-APPLIED,Baseline condition; no improvement actions applied,Synthetic EOL inspection generator,2.071,0.333,0.373,3.061,2.552,-0.036,12.29,12.00,10.00,14.00,0.29,Within Specification,No Defect,0,FORCE-SENSOR-01,EOL-FORCE-01-V5,TB-30-01,30.0,20.0,1.0,20.0,0.01,Gripping Force,Synthetic Data,EOL-EG-V5,2026090703,2026090705
BL-159,159,EG-B-159,2026-08-13T00:00:00+08:00,2026-08-12,BATCH-B-08,Before Improvement,Night,OP-A,APP-C,NOT-APPLIED,Baseline condition; no improvement actions applied,Synthetic EOL inspection generator,2.083,0.186,0.768,2.963,2.408,-0.008,12.39,12.00,10.00,14.00,0.39,Within Specification,No Defect,0,FORCE-SENSOR-01,EOL-FORCE-01-V5,TB-30-01,30.0,20.0,1.0,20.0,0.01,Gripping Force,Synthetic Data,EOL-EG-V5,2026090703,2026090705
BL-160,160,EG-B-160,2026-08-13T00:30:00+08:00,2026-08-12,BATCH-B-08,Before Improvement,Night,OP-A,APP-A,NOT-APPLIED,Baseline condition; no improvement actions applied,Synthetic EOL inspection generator,1.943,0.175,1.276,3.096,2.485,-0.060,11.91,12.00,10.00,14.00,-0.09,Within Specification,No Defect,0,FORCE-SENSOR-01,EOL-FORCE-01-V5,TB-30-01,30.0,20.0,1.0,20.0,0.01,Gripping Force,Synthetic Data,EOL-EG-V5,2026090703,2026090705
BL-161,161,EG-B-161,2026-08-13T08:00:00+08:00,2026-08-13,BATCH-B-09,Before Improvement,Day,OP-C,APP-B,NOT-APPLIED,Baseline condition; no improvement actions applied,Synthetic EOL inspection generator,1.709,0.281,0.702,2.988,2.461,-0.081,10.87,12.00,10.00,14.00,-1.13,Within Specification,No Defect,0,FORCE-SENSOR-01,EOL-FORCE-01-V5,TB-30-01,30.0,20.0,1.0,20.0,0.01,Gripping Force,Synthetic Data,EOL-EG-V5,2026090703,2026090705
BL-162,162,EG-B-162,2026-08-13T08:30:00+08:00,2026-08-13,BATCH-B-09,Before Improvement,Day,OP-C,APP-C,NOT-APPLIED,Baseline condition; no improvement actions applied,Synthetic EOL inspection generator,1.626,0.35,1.138,3.01,2.348,-0.002,9.98,12.00,10.00,14.00,-2.02,Out of Specification,Under Force,1,FORCE-SENSOR-01,EOL-FORCE-01-V5,TB-30-01,30.0,20.0,1.0,20.0,0.01,Gripping Force,Synthetic Data,EOL-EG-V5,2026090703,2026090705
BL-163,163,EG-B-163,2026-08-13T09:00:00+08:00,2026-08-13,BATCH-B-09,Before Improvement,Day,OP-C,APP-A,NOT-APPLIED,Baseline condition; no improvement actions applied,Synthetic EOL inspection generator,2.165,0.313,0.817,2.887,2.212,0.016,12.70,12.00,10.00,14.00,0.70,Within Specification,No Defect,0,FORCE-SENSOR-01,EOL-FORCE-01-V5,TB-30-01,30.0,20.0,1.0,20.0,0.01,Gripping Force,Synthetic Data,EOL-EG-V5,2026090703,2026090705
BL-164,164,EG-B-164,2026-08-13T09:30:00+08:00,2026-08-13,BATCH-B-09,Before Improvement,Day,OP-C,APP-B,NOT-APPLIED,Baseline condition; no improvement actions applied,Synthetic EOL inspection generator,1.75,0.286,0.902,2.94,2.147,-0.004,10.61,12.00,10.00,14.00,-1.39,Within Specification,No Defect,0,FORCE-SENSOR-01,EOL-FORCE-01-V5,TB-30-01,30.0,20.0,1.0,20.0,0.01,Gripping Force,Synthetic Data,EOL-EG-V5,2026090703,2026090705
BL-165,165,EG-B-165,2026-08-13T10:00:00+08:00,2026-08-13,BATCH-B-09,Before Improvement,Day,OP-C,APP-C,NOT-APPLIED,Baseline condition; no improvement actions applied,Synthetic EOL inspection generator,1.849,0.254,0.761,3.183,2.095,0.025,11.21,12.00,10.00,14.00,-0.79,Within Specification,No Defect,0,FORCE-SENSOR-01,EOL-FORCE-01-V5,TB-30-01,30.0,20.0,1.0,20.0,0.01,Gripping Force,Synthetic Data,EOL-EG-V5,2026090703,2026090705
BL-166,166,EG-B-166,2026-08-13T10:30:00+08:00,2026-08-13,BATCH-B-09,Before Improvement,Day,OP-A,APP-A,NOT-APPLIED,Baseline condition; no improvement actions applied,Synthetic EOL inspection generator,1.837,0.235,0.806,2.848,2.595,-0.072,11.18,12.00,10.00,14.00,-0.82,Within Specification,No Defect,0,FORCE-SENSOR-01,EOL-FORCE-01-V5,TB-30-01,30.0,20.0,1.0,20.0,0.01,Gripping Force,Synthetic Data,EOL-EG-V5,2026090703,2026090705
BL-167,167,EG-B-167,2026-08-13T11:00:00+08:00,2026-08-13,BATCH-B-09,Before Improvement,Day,OP-A,APP-B,NOT-APPLIED,Baseline condition; no improvement actions applied,Synthetic EOL inspection generator,1.624,0.358,0.531,2.908,2.575,-0.014,11.19,12.00,10.00,14.00,-0.81,Within Specification,No Defect,0,FORCE-SENSOR-01,EOL-FORCE-01-V5,TB-30-01,30.0,20.0,1.0,20.0,0.01,Gripping Force,Synthetic Data,EOL-EG-V5,2026090703,2026090705
BL-168,168,EG-B-168,2026-08-13T11:30:00+08:00,2026-08-13,BATCH-B-09,Before Improvement,Day,OP-A,APP-C,NOT-APPLIED,Baseline condition; no improvement actions applied,Synthetic EOL inspection generator,1.891,0.226,0.785,2.997,2.6,-0.054,11.43,12.00,10.00,14.00,-0.57,Within Specification,No Defect,0,FORCE-SENSOR-01,EOL-FORCE-01-V5,TB-30-01,30.0,20.0,1.0,20.0,0.01,Gripping Force,Synthetic Data,EOL-EG-V5,2026090703,2026090705
BL-169,169,EG-B-169,2026-08-13T12:00:00+08:00,2026-08-13,BATCH-B-09,Before Improvement,Day,OP-A,APP-A,NOT-APPLIED,Baseline condition; no improvement actions applied,Synthetic EOL inspection generator,1.888,0.226,1.116,3.034,2.646,0.037,11.83,12.00,10.00,14.00,-0.17,Within Specification,No Defect,0,FORCE-SENSOR-01,EOL-FORCE-01-V5,TB-30-01,30.0,20.0,1.0,20.0,0.01,Gripping Force,Synthetic Data,EOL-EG-V5,2026090703,2026090705
BL-170,170,EG-B-170,2026-08-13T12:30:00+08:00,2026-08-13,BATCH-B-09,Before Improvement,Day,OP-A,APP-B,NOT-APPLIED,Baseline condition; no improvement actions applied,Synthetic EOL inspection generator,2.037,0.288,0.847,3.157,2.684,0.037,12.16,12.00,10.00,14.00,0.16,Within Specification,No Defect,0,FORCE-SENSOR-01,EOL-FORCE-01-V5,TB-30-01,30.0,20.0,1.0,20.0,0.01,Gripping Force,Synthetic Data,EOL-EG-V5,2026090703,2026090705
BL-171,171,EG-B-171,2026-08-13T20:00:00+08:00,2026-08-13,BATCH-B-09,Before Improvement,Night,OP-A,APP-C,NOT-APPLIED,Baseline condition; no improvement actions applied,Synthetic EOL inspection generator,1.911,0.371,1.239,3.089,2.305,0.061,11.42,12.00,10.00,14.00,-0.58,Within Specification,No Defect,0,FORCE-SENSOR-01,EOL-FORCE-01-V5,TB-30-01,30.0,20.0,1.0,20.0,0.01,Gripping Force,Synthetic Data,EOL-EG-V5,2026090703,2026090705
BL-172,172,EG-B-172,2026-08-13T20:30:00+08:00,2026-08-13,BATCH-B-09,Before Improvement,Night,OP-A,APP-A,NOT-APPLIED,Baseline condition; no improvement actions applied,Synthetic EOL inspection generator,2.097,0.163,0.863,2.886,2.018,-0.003,12.04,12.00,10.00,14.00,0.04,Within Specification,No Defect,0,FORCE-SENSOR-01,EOL-FORCE-01-V5,TB-30-01,30.0,20.0,1.0,20.0,0.01,Gripping Force,Synthetic Data,EOL-EG-V5,2026090703,2026090705
BL-173,173,EG-B-173,2026-08-13T21:00:00+08:00,2026-08-13,BATCH-B-09,Before Improvement,Night,OP-A,APP-B,NOT-APPLIED,Baseline condition; no improvement actions applied,Synthetic EOL inspection generator,2.063,0.236,0.981,2.973,2.113,0.043,12.07,12.00,10.00,14.00,0.07,Within Specification,No Defect,0,FORCE-SENSOR-01,EOL-FORCE-01-V5,TB-30-01,30.0,20.0,1.0,20.0,0.01,Gripping Force,Synthetic Data,EOL-EG-V5,2026090703,2026090705
BL-174,174,EG-B-174,2026-08-13T21:30:00+08:00,2026-08-13,BATCH-B-09,Before Improvement,Night,OP-A,APP-C,NOT-APPLIED,Baseline condition; no improvement actions applied,Synthetic EOL inspection generator,1.88,0.21,1.158,2.899,2.444,-0.045,11.23,12.00,10.00,14.00,-0.77,Within Specification,No Defect,0,FORCE-SENSOR-01,EOL-FORCE-01-V5,TB-30-01,30.0,20.0,1.0,20.0,0.01,Gripping Force,Synthetic Data,EOL-EG-V5,2026090703,2026090705
BL-175,175,EG-B-175,2026-08-13T22:00:00+08:00,2026-08-13,BATCH-B-09,Before Improvement,Night,OP-A,APP-A,NOT-APPLIED,Baseline condition; no improvement actions applied,Synthetic EOL inspection generator,2.216,0.166,0.584,3.035,2.403,0.008,12.47,12.00,10.00,14.00,0.47,Within Specification,No Defect,0,FORCE-SENSOR-01,EOL-FORCE-01-V5,TB-30-01,30.0,20.0,1.0,20.0,0.01,Gripping Force,Synthetic Data,EOL-EG-V5,2026090703,2026090705
BL-176,176,EG-B-176,2026-08-13T22:30:00+08:00,2026-08-13,BATCH-B-09,Before Improvement,Night,OP-B,APP-B,NOT-APPLIED,Baseline condition; no improvement actions applied,Synthetic EOL inspection generator,1.696,0.433,1.088,2.912,2.244,-0.006,10.06,12.00,10.00,14.00,-1.94,Within Specification,No Defect,0,FORCE-SENSOR-01,EOL-FORCE-01-V5,TB-30-01,30.0,20.0,1.0,20.0,0.01,Gripping Force,Synthetic Data,EOL-EG-V5,2026090703,2026090705
BL-177,177,EG-B-177,2026-08-13T23:00:00+08:00,2026-08-13,BATCH-B-09,Before Improvement,Night,OP-B,APP-C,NOT-APPLIED,Baseline condition; no improvement actions applied,Synthetic EOL inspection generator,2.052,0.207,0.804,3.104,2.367,-0.019,12.15,12.00,10.00,14.00,0.15,Within Specification,No Defect,0,FORCE-SENSOR-01,EOL-FORCE-01-V5,TB-30-01,30.0,20.0,1.0,20.0,0.01,Gripping Force,Synthetic Data,EOL-EG-V5,2026090703,2026090705
BL-178,178,EG-B-178,2026-08-13T23:30:00+08:00,2026-08-13,BATCH-B-09,Before Improvement,Night,OP-B,APP-A,NOT-APPLIED,Baseline condition; no improvement actions applied,Synthetic EOL inspection generator,1.81,0.309,0.605,3.167,2.474,-0.031,11.03,12.00,10.00,14.00,-0.97,Within Specification,No Defect,0,FORCE-SENSOR-01,EOL-FORCE-01-V5,TB-30-01,30.0,20.0,1.0,20.0,0.01,Gripping Force,Synthetic Data,EOL-EG-V5,2026090703,2026090705
BL-179,179,EG-B-179,2026-08-14T00:00:00+08:00,2026-08-13,BATCH-B-09,Before Improvement,Night,OP-B,APP-B,NOT-APPLIED,Baseline condition; no improvement actions applied,Synthetic EOL inspection generator,2.069,0.118,0.731,3.038,2.76,0.022,12.22,12.00,10.00,14.00,0.22,Within Specification,No Defect,0,FORCE-SENSOR-01,EOL-FORCE-01-V5,TB-30-01,30.0,20.0,1.0,20.0,0.01,Gripping Force,Synthetic Data,EOL-EG-V5,2026090703,2026090705
BL-180,180,EG-B-180,2026-08-14T00:30:00+08:00,2026-08-13,BATCH-B-09,Before Improvement,Night,OP-B,APP-C,NOT-APPLIED,Baseline condition; no improvement actions applied,Synthetic EOL inspection generator,1.842,0.345,1.311,2.972,2.119,0.017,10.95,12.00,10.00,14.00,-1.05,Within Specification,No Defect,0,FORCE-SENSOR-01,EOL-FORCE-01-V5,TB-30-01,30.0,20.0,1.0,20.0,0.01,Gripping Force,Synthetic Data,EOL-EG-V5,2026090703,2026090705
BL-181,181,EG-B-181,2026-08-14T08:00:00+08:00,2026-08-14,BATCH-B-10,Before Improvement,Day,OP-A,APP-A,NOT-APPLIED,Baseline condition; no improvement actions applied,Synthetic EOL inspection generator,2.056,0.106,0.465,3.039,2.75,0.007,12.44,12.00,10.00,14.00,0.44,Within Specification,No Defect,0,FORCE-SENSOR-01,EOL-FORCE-01-V5,TB-30-01,30.0,20.0,1.0,20.0,0.01,Gripping Force,Synthetic Data,EOL-EG-V5,2026090703,2026090705
BL-182,182,EG-B-182,2026-08-14T08:30:00+08:00,2026-08-14,BATCH-B-10,Before Improvement,Day,OP-A,APP-B,NOT-APPLIED,Baseline condition; no improvement actions applied,Synthetic EOL inspection generator,1.845,0.211,0.343,3.055,2.349,0.021,11.94,12.00,10.00,14.00,-0.06,Within Specification,No Defect,0,FORCE-SENSOR-01,EOL-FORCE-01-V5,TB-30-01,30.0,20.0,1.0,20.0,0.01,Gripping Force,Synthetic Data,EOL-EG-V5,2026090703,2026090705
BL-183,183,EG-B-183,2026-08-14T09:00:00+08:00,2026-08-14,BATCH-B-10,Before Improvement,Day,OP-A,APP-C,NOT-APPLIED,Baseline condition; no improvement actions applied,Synthetic EOL inspection generator,1.92,0.168,0.348,2.968,2.49,0.060,11.32,12.00,10.00,14.00,-0.68,Within Specification,No Defect,0,FORCE-SENSOR-01,EOL-FORCE-01-V5,TB-30-01,30.0,20.0,1.0,20.0,0.01,Gripping Force,Synthetic Data,EOL-EG-V5,2026090703,2026090705
BL-184,184,EG-B-184,2026-08-14T09:30:00+08:00,2026-08-14,BATCH-B-10,Before Improvement,Day,OP-A,APP-A,NOT-APPLIED,Baseline condition; no improvement actions applied,Synthetic EOL inspection generator,1.974,0.309,0.631,3.073,2.583,-0.005,11.76,12.00,10.00,14.00,-0.24,Within Specification,No Defect,0,FORCE-SENSOR-01,EOL-FORCE-01-V5,TB-30-01,30.0,20.0,1.0,20.0,0.01,Gripping Force,Synthetic Data,EOL-EG-V5,2026090703,2026090705
BL-185,185,EG-B-185,2026-08-14T10:00:00+08:00,2026-08-14,BATCH-B-10,Before Improvement,Day,OP-A,APP-B,NOT-APPLIED,Baseline condition; no improvement actions applied,Synthetic EOL inspection generator,1.571,0.288,0.791,2.958,2.397,-0.033,10.39,12.00,10.00,14.00,-1.61,Within Specification,No Defect,0,FORCE-SENSOR-01,EOL-FORCE-01-V5,TB-30-01,30.0,20.0,1.0,20.0,0.01,Gripping Force,Synthetic Data,EOL-EG-V5,2026090703,2026090705
BL-186,186,EG-B-186,2026-08-14T10:30:00+08:00,2026-08-14,BATCH-B-10,Before Improvement,Day,OP-B,APP-C,NOT-APPLIED,Baseline condition; no improvement actions applied,Synthetic EOL inspection generator,2.229,0.022,0.867,3.048,2.183,-0.029,12.66,12.00,10.00,14.00,0.66,Within Specification,No Defect,0,FORCE-SENSOR-01,EOL-FORCE-01-V5,TB-30-01,30.0,20.0,1.0,20.0,0.01,Gripping Force,Synthetic Data,EOL-EG-V5,2026090703,2026090705
BL-187,187,EG-B-187,2026-08-14T11:00:00+08:00,2026-08-14,BATCH-B-10,Before Improvement,Day,OP-B,APP-A,NOT-APPLIED,Baseline condition; no improvement actions applied,Synthetic EOL inspection generator,1.76,0.197,0.718,3.144,2.601,0.084,11.86,12.00,10.00,14.00,-0.14,Within Specification,No Defect,0,FORCE-SENSOR-01,EOL-FORCE-01-V5,TB-30-01,30.0,20.0,1.0,20.0,0.01,Gripping Force,Synthetic Data,EOL-EG-V5,2026090703,2026090705
BL-188,188,EG-B-188,2026-08-14T11:30:00+08:00,2026-08-14,BATCH-B-10,Before Improvement,Day,OP-B,APP-B,NOT-APPLIED,Baseline condition; no improvement actions applied,Synthetic EOL inspection generator,1.905,0.447,0.471,2.98,1.86,0.014,11.31,12.00,10.00,14.00,-0.69,Within Specification,No Defect,0,FORCE-SENSOR-01,EOL-FORCE-01-V5,TB-30-01,30.0,20.0,1.0,20.0,0.01,Gripping Force,Synthetic Data,EOL-EG-V5,2026090703,2026090705
BL-189,189,EG-B-189,2026-08-14T12:00:00+08:00,2026-08-14,BATCH-B-10,Before Improvement,Day,OP-B,APP-C,NOT-APPLIED,Baseline condition; no improvement actions applied,Synthetic EOL inspection generator,1.652,0.225,0.711,2.906,2.584,-0.035,10.95,12.00,10.00,14.00,-1.05,Within Specification,No Defect,0,FORCE-SENSOR-01,EOL-FORCE-01-V5,TB-30-01,30.0,20.0,1.0,20.0,0.01,Gripping Force,Synthetic Data,EOL-EG-V5,2026090703,2026090705
BL-190,190,EG-B-190,2026-08-14T12:30:00+08:00,2026-08-14,BATCH-B-10,Before Improvement,Day,OP-B,APP-A,NOT-APPLIED,Baseline condition; no improvement actions applied,Synthetic EOL inspection generator,1.9,0.264,0.162,3.088,2.69,-0.043,11.70,12.00,10.00,14.00,-0.30,Within Specification,No Defect,0,FORCE-SENSOR-01,EOL-FORCE-01-V5,TB-30-01,30.0,20.0,1.0,20.0,0.01,Gripping Force,Synthetic Data,EOL-EG-V5,2026090703,2026090705
BL-191,191,EG-B-191,2026-08-14T20:00:00+08:00,2026-08-14,BATCH-B-10,Before Improvement,Night,OP-B,APP-B,NOT-APPLIED,Baseline condition; no improvement actions applied,Synthetic EOL inspection generator,1.671,0.246,0.394,3.015,2.293,-0.071,11.78,12.00,10.00,14.00,-0.22,Within Specification,No Defect,0,FORCE-SENSOR-01,EOL-FORCE-01-V5,TB-30-01,30.0,20.0,1.0,20.0,0.01,Gripping Force,Synthetic Data,EOL-EG-V5,2026090703,2026090705
BL-192,192,EG-B-192,2026-08-14T20:30:00+08:00,2026-08-14,BATCH-B-10,Before Improvement,Night,OP-B,APP-C,NOT-APPLIED,Baseline condition; no improvement actions applied,Synthetic EOL inspection generator,1.91,0.192,1.195,3.026,2.356,-0.026,11.83,12.00,10.00,14.00,-0.17,Within Specification,No Defect,0,FORCE-SENSOR-01,EOL-FORCE-01-V5,TB-30-01,30.0,20.0,1.0,20.0,0.01,Gripping Force,Synthetic Data,EOL-EG-V5,2026090703,2026090705
BL-193,193,EG-B-193,2026-08-14T21:00:00+08:00,2026-08-14,BATCH-B-10,Before Improvement,Night,OP-B,APP-A,NOT-APPLIED,Baseline condition; no improvement actions applied,Synthetic EOL inspection generator,1.607,0.259,0.494,3.013,2.518,0.005,10.58,12.00,10.00,14.00,-1.42,Within Specification,No Defect,0,FORCE-SENSOR-01,EOL-FORCE-01-V5,TB-30-01,30.0,20.0,1.0,20.0,0.01,Gripping Force,Synthetic Data,EOL-EG-V5,2026090703,2026090705
BL-194,194,EG-B-194,2026-08-14T21:30:00+08:00,2026-08-14,BATCH-B-10,Before Improvement,Night,OP-B,APP-B,NOT-APPLIED,Baseline condition; no improvement actions applied,Synthetic EOL inspection generator,2.032,0.234,0.5,2.775,2.372,0.013,11.85,12.00,10.00,14.00,-0.15,Within Specification,No Defect,0,FORCE-SENSOR-01,EOL-FORCE-01-V5,TB-30-01,30.0,20.0,1.0,20.0,0.01,Gripping Force,Synthetic Data,EOL-EG-V5,2026090703,2026090705
BL-195,195,EG-B-195,2026-08-14T22:00:00+08:00,2026-08-14,BATCH-B-10,Before Improvement,Night,OP-B,APP-C,NOT-APPLIED,Baseline condition; no improvement actions applied,Synthetic EOL inspection generator,2.294,0.177,1.303,2.865,2.373,-0.054,12.75,12.00,10.00,14.00,0.75,Within Specification,No Defect,0,FORCE-SENSOR-01,EOL-FORCE-01-V5,TB-30-01,30.0,20.0,1.0,20.0,0.01,Gripping Force,Synthetic Data,EOL-EG-V5,2026090703,2026090705
BL-196,196,EG-B-196,2026-08-14T22:30:00+08:00,2026-08-14,BATCH-B-10,Before Improvement,Night,OP-C,APP-A,NOT-APPLIED,Baseline condition; no improvement actions applied,Synthetic EOL inspection generator,2.341,0.294,0.756,2.873,2.427,-0.025,12.60,12.00,10.00,14.00,0.60,Within Specification,No Defect,0,FORCE-SENSOR-01,EOL-FORCE-01-V5,TB-30-01,30.0,20.0,1.0,20.0,0.01,Gripping Force,Synthetic Data,EOL-EG-V5,2026090703,2026090705
BL-197,197,EG-B-197,2026-08-14T23:00:00+08:00,2026-08-14,BATCH-B-10,Before Improvement,Night,OP-C,APP-B,NOT-APPLIED,Baseline condition; no improvement actions applied,Synthetic EOL inspection generator,1.811,0.307,0.42,3.085,1.981,-0.051,11.56,12.00,10.00,14.00,-0.44,Within Specification,No Defect,0,FORCE-SENSOR-01,EOL-FORCE-01-V5,TB-30-01,30.0,20.0,1.0,20.0,0.01,Gripping Force,Synthetic Data,EOL-EG-V5,2026090703,2026090705
BL-198,198,EG-B-198,2026-08-14T23:30:00+08:00,2026-08-14,BATCH-B-10,Before Improvement,Night,OP-C,APP-C,NOT-APPLIED,Baseline condition; no improvement actions applied,Synthetic EOL inspection generator,2.106,0.554,0.428,2.961,2.147,0.015,11.76,12.00,10.00,14.00,-0.24,Within Specification,No Defect,0,FORCE-SENSOR-01,EOL-FORCE-01-V5,TB-30-01,30.0,20.0,1.0,20.0,0.01,Gripping Force,Synthetic Data,EOL-EG-V5,2026090703,2026090705
BL-199,199,EG-B-199,2026-08-15T00:00:00+08:00,2026-08-14,BATCH-B-10,Before Improvement,Night,OP-C,APP-A,NOT-APPLIED,Baseline condition; no improvement actions applied,Synthetic EOL inspection generator,1.777,0.422,0.436,3.104,2.895,-0.027,11.46,12.00,10.00,14.00,-0.54,Within Specification,No Defect,0,FORCE-SENSOR-01,EOL-FORCE-01-V5,TB-30-01,30.0,20.0,1.0,20.0,0.01,Gripping Force,Synthetic Data,EOL-EG-V5,2026090703,2026090705
BL-200,200,EG-B-200,2026-08-15T00:30:00+08:00,2026-08-14,BATCH-B-10,Before Improvement,Night,OP-C,APP-B,NOT-APPLIED,Baseline condition; no improvement actions applied,Synthetic EOL inspection generator,1.871,0.278,0.533,2.93,2.089,-0.020,11.49,12.00,10.00,14.00,-0.51,Within Specification,No Defect,0,FORCE-SENSOR-01,EOL-FORCE-01-V5,TB-30-01,30.0,20.0,1.0,20.0,0.01,Gripping Force,Synthetic Data,EOL-EG-V5,2026090703,2026090705
